% Low Birthweight,# Primary Care Physicians,Primary Care Physicians Rate,% Vaccinated Flu,% Children in Poverty,Infant Mortality Rate,# Uninsured Children,% Uninsured Children,# Food Insecure,% Food Insecure,Segregation index_b,Other Primary Care Provider Rate,Median Household Income,% Enrolled in Free or Reduced Lunch,Population,% Female,% Rural,year,% Broadband Access,% Less Than 18 Years of Age,live_births,kin_DTP_cov,kin_HepA_cov,kin_HepB_cov,kin_polio_cov,kin_varic_cov,Estimated hesitant,Estimated hesitant or unsure,Estimated strongly hesitant,Social Vulnerability Index (SVI),CVAC level of concern for vaccination rollout,other_pc_provider_ratio_numerator,other_pc_provider_ratio_denominator,seg_missing_bool,OH__Low Vulnerability,OH__Moderate Vulnerability,OH__Very High Vulnerability,OH__Very Low Vulnerability,OH__Moderate Concern,OH__Very High Concern,OH__medium,OH__small
8.0698835275,5.0,16.68224,47.0,16.5,,1047,14.405613649,4030,13.5,28.248595886,59.24951,68150,53.472222222,30380,50.039499671,66.344089805,2023,,,,0.9477806788511748,0.9399477806788512,0.9556135770234988,0.9477806788511748,0.93733681462141,0.1114,0.1704,0.0738,0.49,0.82,1688.0,1.0,0,0,1,0,0,0,1,1,0
6.9341474051,2.0,10.94271,34.0,24.1,,970,16.898954704,2000,10.8,,103.66087,50967,76.957605985,18329,49.811773692,17.711129465,2023,,,,0.9834983498349836,0.99009900990099,0.9933993399339934,1.0,0.9933993399339934,0.1241,0.1883,0.0824,0.84,0.9,965.0,1.0,1,0,0,1,0,0,1,1,0
8.9076884797,57.0,65.67123000000001,50.0,26.4,7.0544554455,2984,13.443258098,15170,17.4,41.273274278,115.59892,50620,74.279898847,86506,50.954847063,43.082366228,2023,,,,0.9480176211453744,0.9524229074889868,0.9691629955947136,0.9559471365638766,0.947136563876652,0.125,0.1935,0.0836,0.98,0.89,865.0,1.0,0,0,0,1,0,0,1,0,0
8.9071383449,7.0,29.39447,55.0,27.8,,682,15.507048658,4500,18.6,,57.11953999999999,55435,68.006644518,24510,50.167278662,27.260557907,2023,,,,0.972093023255814,0.972093023255814,0.972093023255814,0.9674418604651164,0.9813953488372092,0.1183,0.18,0.0772,0.8,0.85,1751.0,1.0,1,0,0,1,0,0,1,1,0
7.604262597,24.0,26.20059,45.0,18.1,4.3982407037,3516,14.742138365,10440,12.0,42.292319466,47.03208,72809,72.02498763,102058,48.828117345,63.85244907,2023,,,,0.930928626247122,0.9462778204144282,0.9623944742900996,0.933231005372218,0.920951650038373,0.124,0.188,0.0827,0.75,0.85,2126.0,1.0,0,0,0,0,0,0,1,0,0
,0.0,0.0,36.0,13.2,,77,17.539863326,210,10.5,,0.0,64401,31.329113924,1839,50.679717238,100.0,2023,,,,1.0,0.96,1.0,1.0,1.0,0.1241,0.1883,0.0824,0.16,0.56,1839.0,0.0,1,0,0,0,1,1,0,0,1
7.9859678085,10.0,19.33338,40.0,23.8,,1777,12.442234981,5830,11.6,79.225644182,56.0684,57905,61.99440346,49939,49.968962134,60.711184342,2023,,,,0.9690265486725664,0.9690265486725664,0.9778761061946902,0.971976401179941,0.971976401179941,0.1146,0.174,0.0756,0.85,0.95,1784.0,1.0,0,0,0,1,0,0,1,0,0
7.3170731707,8.0,42.37513,24.0,15.4,,1195,19.430894309,2200,12.0,71.350793204,65.07592,70005,46.584302326,18440,48.926247289,16.502096578,2023,,,,0.9777070063694268,0.9554140127388536,0.9968152866242038,0.9840764331210192,0.9777070063694268,0.1166,0.1765,0.0789,0.47,0.88,1537.0,1.0,0,0,1,0,0,0,1,1,0
7.9329608939,2.0,29.86412,38.0,24.7,,384,19.248120301,710,10.2,,102.41405,47375,85.78908003,6835,49.656181419,28.750872296,2023,,,,0.926605504587156,0.9174311926605504,0.963302752293578,0.926605504587156,0.9174311926605504,0.1143,0.1758,0.0766,0.8,0.96,976.0,1.0,1,0,0,1,0,0,1,0,1
8.0,5.0,20.9547,45.0,19.4,,546,13.694507148,3400,14.9,,69.55715000000001,69051,51.484751204,21565,50.081150012,100.0,2023,,,,0.9109947643979056,0.9214659685863874,0.9319371727748692,0.9319371727748692,0.9214659685863874,0.1146,0.174,0.0756,0.51,0.77,1438.0,1.0,1,0,1,0,0,0,0,1,0
6.8093385214,7.0,50.90909,29.0,24.7,,443,14.090330789,1970,14.5,,65.33575,49076,65.346956152,13775,49.793103448,71.461285244,2023,,,,0.9825581395348836,0.9883720930232558,0.994186046511628,0.9883720930232558,0.9883720930232558,0.1278,0.1901,0.086,0.73,0.92,1531.0,1.0,1,0,0,0,0,0,1,1,0
6.8965517241,,,48.0,12.5,,313,15.912557194,1200,13.7,,11.51941,69286,31.87032419,8681,50.420458473,88.988292467,2023,,,,0.9420289855072465,0.9492753623188406,0.9492753623188406,0.9420289855072465,0.9420289855072465,0.1293,0.1898,0.087,0.09,0.8,8681.0,1.0,1,0,0,0,1,0,1,0,1
9.736632083,5.0,15.37846,37.0,30.9,7.9904115062,610,9.0450771056,5500,16.9,66.47505981,71.14215,45431,80.309339679,30924,38.701332299,42.97730768,2023,,,,0.9647435897435898,0.967948717948718,0.9775641025641024,0.967948717948718,0.9647435897435898,0.1183,0.18,0.0772,0.97,0.99,1406.0,1.0,0,0,0,1,0,0,1,1,0
,1.0,67.2495,34.0,24.3,,61,19.365079365,210,15.4,,71.27584,49905,52.480417755,1403,48.966500356,100.0,2023,,,,1.0,1.0,1.0,1.0,1.0,0.1241,0.1883,0.0824,0.46,0.95,1403.0,1.0,1,0,1,0,0,0,1,0,1
,0.0,0.0,28.0,12.0,,22,14.285714286,80,11.7,,0.0,69744,37.229437229,617,47.649918963,100.0,2023,,,,1.0,1.0,1.0,1.0,1.0,0.1235,0.1873,0.0822,0.06,0.72,617.0,0.0,1,0,0,0,1,0,0,0,1
6.0392156863,11.0,59.13025,34.0,19.8,,586,14.779319042,2850,15.5,25.971333562,48.64076,56041,65.77977896,18503,50.386423823,81.215681968,2023,,,,0.8944444444444445,0.9222222222222224,0.9388888888888888,0.9055555555555556,0.8944444444444445,0.1248,0.188,0.085,0.62,0.89,2056.0,1.0,0,0,0,0,0,0,1,1,0
10.533448318,63.0,67.39336999999999,45.0,23.6,9.200968523,2094,9.4375338021,14990,16.0,45.176024658,199.82502,52934,60.724991673,92581,49.448590964,35.424836601,2023,,,,0.9394856278366112,0.94553706505295,0.9546142208774584,0.94553706505295,0.9447806354009076,0.1356,0.2056,0.0926,0.85,0.86,500.0,1.0,0,0,0,1,0,0,1,0,0
8.2835415535,244.0,64.12312,47.0,11.8,4.6175704475,8777,8.4860966083,42840,11.6,45.420277373,73.74455999999999,82165,51.388176589,379689,49.30851302,22.52862699,2023,,,,0.963084495488105,0.963084495488105,0.9729286300246104,0.965135356849877,0.9639048400328136,0.1074,0.1608,0.071,0.51,0.69,1356.0,1.0,0,0,1,0,0,0,0,0,0
5.5467511886,9.0,97.43423,13.0,20.8,,273,15.61784897,1460,15.8,,95.2381,51197,56.625441696,9450,48.497354497,34.867850953,2023,,,,0.8939393939393939,0.9242424242424242,0.9242424242424242,0.8939393939393939,0.8787878787878788,0.1166,0.1765,0.0789,0.66,0.84,1050.0,1.0,1,0,0,0,0,0,1,1,0
8.4432717678,,,39.0,45.6,,181,9.4516971279,1700,23.9,,14.29797,33460,85.883171071,6994,48.827566486,31.759656652,2023,,,,0.9733333333333334,0.9733333333333334,0.9733333333333334,0.9733333333333334,0.9733333333333334,0.0992,0.1603,0.0642,1.0,0.99,6994.0,1.0,1,0,0,1,0,0,1,0,1
8.3661065427,21.0,55.80209,43.0,22.3,7.5839653304,783,9.7740606666,5680,15.0,52.518803697,91.64223,48803,58.127235962,38192,50.201612903,40.40046187,2023,,,,0.9610091743119266,0.9564220183486238,0.9655963302752294,0.9610091743119266,0.9564220183486238,0.1278,0.1901,0.086,0.63,0.72,1091.0,1.0,0,0,0,0,0,0,0,0,0
9.2682926829,7.0,37.80923,46.0,20.7,,519,12.714355708,2440,13.4,27.821782098,49.85873,57469,60.883977901,18051,50.39056008,76.65677547,2023,,,,0.9736842105263158,0.9824561403508772,0.9824561403508772,0.9780701754385964,0.9736842105263158,0.1225,0.1864,0.0827,0.61,0.83,2006.0,1.0,0,0,0,0,0,0,1,1,0
7.132374523,21.0,42.29352,50.0,16.3,,1612,15.097873935,5760,12.1,70.950903274,76.53962,72510,60.967831392,50954,50.716332378,55.67251462,2023,,,,0.9158316633266532,0.9138276553106212,0.9278557114228456,0.9218436873747496,0.9218436873747496,0.1264,0.1929,0.0847,0.53,0.7,1307.0,1.0,0,0,1,0,0,0,0,0,0
7.3565473271,23.0,39.78895,45.0,24.5,,1282,11.478198585,8060,13.9,47.602799748,77.05216,54515,64.514557193,58402,38.051779049,67.063532793,2023,,,,0.96229802513465,0.9587073608617596,0.96229802513465,0.96229802513465,0.9551166965888688,0.1398,0.2105,0.0948,0.79,0.95,1298.0,1.0,0,0,0,0,0,0,1,0,0
8.8493981011,1505.0,74.25414,43.0,20.8,6.1205886183,51184,9.8073179331,288320,14.6,42.305089999,127.30274,63014,61.540029941,2028236,50.399509722,4.5390847652,2023,,,,0.9311357055020032,0.94133047721052,0.955730096394145,0.9334761394739974,0.929548970605736,0.1005,0.1587,0.0641,0.83,0.87,786.0,1.0,0,0,0,1,0,0,1,0,0
9.6551724138,5.0,142.12621,35.0,25.2,,106,12.942612943,560,15.7,30.43688815,115.0417,45408,57.32689211,3477,50.589588726,100.0,2023,,,,0.9215686274509804,0.9803921568627452,1.0,0.9411764705882352,0.9607843137254902,0.1293,0.1898,0.087,0.16,0.78,869.0,1.0,0,0,0,0,1,0,0,0,1
6.3271604938,6.0,48.903740000000006,48.0,14.2,,427,19.139399372,1510,12.9,,50.479560000000006,69247,39.323076923,11886,49.957933704,100.0,2023,,,,0.8559322033898306,0.8559322033898306,0.8983050847457628,0.8559322033898306,0.8389830508474576,0.1008,0.1475,0.0669,0.28,0.68,1981.0,1.0,1,1,0,0,0,0,0,1,0
9.0703517588,17.0,40.78206,42.0,22.7,6.6820868671,1688,15.464956482,5990,14.4,38.010056694,83.89061,56522,67.04730832,41721,50.459001462,49.895833333,2023,,,,0.9645390070921984,0.9680851063829788,0.973404255319149,0.9680851063829788,0.9627659574468084,0.1114,0.1704,0.0738,0.88,0.96,1192.0,1.0,0,0,0,1,0,0,1,0,0
7.874015748,2.0,27.04164,28.0,21.0,,401,18.607888631,820,10.9,,54.24464,62236,63.929440389,7374,48.630322756,45.757876457,2023,,,,0.9772727272727272,0.9659090909090908,0.9886363636363636,0.9659090909090908,0.9772727272727272,0.1241,0.1883,0.0824,0.78,0.99,1844.0,1.0,1,0,0,0,0,0,1,0,1
5.540166205,,,52.0,13.0,,212,14.887640449,660,11.0,,174.03411,66548,34.605597964,5746,49.808562478,95.195729537,2023,,,,0.9523809523809524,0.9642857142857144,0.9761904761904762,0.9523809523809524,0.9404761904761904,0.1241,0.1883,0.0824,0.03,0.6,575.0,1.0,1,0,0,0,1,0,0,0,1
7.8270905466,203.0,87.29118,56.0,23.5,5.0300767476,5029,10.208058459,34030,15.0,38.333795888,77.20477,50494,57.559210109,237032,49.707212528,12.063576784,2023,,,,0.9605609114811569,0.962313759859772,0.9618755477651184,0.9592462751971954,0.9548641542506572,0.1055,0.1682,0.0691,0.65,0.81,1295.0,1.0,0,0,0,0,0,0,1,0,0
7.5555555556,7.0,15.35424,36.0,12.7,,1420,10.525535542,6170,14.5,15.136777295,53.207820000000005,89767,34.471023922,48865,49.444387598,45.720310007,2023,,,,0.9616438356164384,0.9547945205479452,0.9684931506849316,0.963013698630137,0.952054794520548,0.1377,0.2028,0.0929,0.41,0.79,1879.0,1.0,0,0,1,0,0,0,0,0,0
7.6804619827,22.0,41.60757,44.0,25.1,8.3349486335,2107,15.681750521,7630,14.6,38.547949571,60.66891999999999,48664,66.013254924,51097,48.456856567,63.048480677,2023,,,,0.976627712854758,0.9749582637729548,0.9849749582637728,0.9816360601001668,0.979966611018364,0.1282,0.1918,0.0871,0.92,0.94,1648.0,1.0,0,0,0,1,0,0,1,0,0
8.8531187123,10.0,139.9972,29.0,24.0,,182,13.197969543,990,13.7,,133.61045,42758,63.791374122,6736,38.331353919,33.148700469,2023,,,,1.0,1.0,1.0,1.0,1.0,0.1241,0.1883,0.0824,0.75,0.92,748.0,1.0,1,0,0,0,0,0,1,0,1
5.0083472454,4.0,37.91469,49.0,15.1,,284,13.264829519,1580,15.1,,48.7187,60973,48.068669528,10263,49.741790899,74.600074405,2023,,,,0.9626168224299064,0.9626168224299064,0.9626168224299064,0.9626168224299064,0.9626168224299064,0.1293,0.1898,0.087,0.32,0.68,2053.0,1.0,1,1,0,0,0,0,0,1,0
6.8965517241,1.0,34.51847,25.0,31.4,,156,20.526315789,540,19.0,,79.49126,42274,71.10799439,2516,49.682034976,100.0,2023,,,,0.903846153846154,0.9230769230769232,0.9230769230769232,0.903846153846154,0.9230769230769232,0.1143,0.1758,0.0766,0.86,0.99,1258.0,1.0,1,0,0,1,0,0,1,0,1
6.9387755102,,,51.0,22.4,,129,18.117977528,510,15.5,,0.0,46767,56.910569106,3321,51.099066546,100.0,2023,,,,0.9090909090909092,0.8787878787878788,0.8787878787878788,0.9090909090909092,0.9090909090909092,0.1235,0.1873,0.0822,0.62,0.91,3321.0,0.0,1,0,0,0,0,0,1,0,1
10.093457944,5.0,61.72839999999999,26.0,31.8,,204,12.049616066,1370,16.6,39.690527228,64.64124,42253,66.587490103,7735,49.437621202,51.545812254,2023,,,,0.891566265060241,0.9156626506024096,0.9156626506024096,0.9156626506024096,0.9156626506024096,0.1278,0.1901,0.086,0.42,0.94,1547.0,1.0,0,0,1,0,0,0,1,0,1
7.4898187284,1050.0,97.94146,59.0,7.9,4.3124346118,23811,8.1150717239,109310,10.9,30.992999793,88.78177,102119,26.420675929,1109462,50.360805508,5.2427266371,2023,,,,0.9399698340874812,0.9349019607843138,0.947209653092006,0.9423227752639516,0.9350829562594268,0.083,0.1234,0.0542,0.15,0.49,1126.0,1.0,0,0,0,0,1,1,0,0,0
7.7981651376,1.0,34.75843,12.0,27.1,,173,22.496749025,450,15.4,,152.96367,45734,65.498154982,2615,51.510516252,100.0,2023,,,,0.9032258064516128,0.9032258064516128,0.9032258064516128,0.9032258064516128,0.9032258064516128,0.1241,0.1883,0.0824,0.89,0.98,654.0,1.0,1,0,0,1,0,0,1,0,1
8.5201793722,10.0,46.27487,43.0,21.8,,813,15.64665127,2390,11.2,15.797765604,38.77848,62004,62.854686156,20630,49.738245274,62.613777906,2023,,,,0.9771863117870724,0.9695817490494296,0.9809885931558936,0.973384030418251,0.9695817490494296,0.1114,0.1704,0.0738,0.68,0.93,2579.0,1.0,0,0,0,0,0,0,1,1,0
8.7528459398,11.0,25.011940000000003,44.0,19.4,5.6038105912,1460,14.218932606,5930,13.9,39.033710301,42.74326,60063,77.938767796,46791,49.141929003,42.292334367,2023,,,,0.966796875,0.96875,0.986328125,0.974609375,0.96484375,0.124,0.188,0.0827,0.87,0.97,2340.0,1.0,0,0,0,1,0,0,1,0,0
7.6377372397,108.0,65.52920999999999,48.0,9.6,5.9625982474,3699,9.5593745962,17960,12.1,45.822563984,86.29262,93487,34.783243855,174986,50.198873053,46.145549082,2023,,,,0.9276087793608008,0.934924913361571,0.9399306892568348,0.9306892568348094,0.9256834809395456,0.0937,0.1369,0.0619,0.24,0.64,1159.0,1.0,0,1,0,0,0,0,0,0,0
8.0683156655,1.0,7.05617,38.0,44.6,,663,14.447592068,3040,21.4,,35.95053,37474,87.980493402,13908,50.035950532,23.534027679,2023,,,,0.9658536585365852,0.975609756097561,0.9951219512195122,0.9804878048780488,0.9853658536585366,0.1146,0.1867,0.0742,0.99,1.0,2782.0,1.0,1,0,0,1,0,0,1,1,0
7.9545454545,1.0,35.37319,42.0,25.6,,89,16.920152091,420,13.8,,59.86232,48563,65.274725275,3341,45.794672254,100.0,2023,,,,0.9642857142857144,0.9285714285714286,0.9642857142857144,0.9285714285714286,0.9285714285714286,0.1235,0.1873,0.0822,0.43,0.96,1671.0,1.0,1,0,1,0,0,0,1,0,1
8.6995117621,13.0,16.94098,29.0,17.9,7.1075401731,1475,8.5161662818,11480,15.2,36.323802793,55.79827,59718,57.453682337,84232,50.010684775,19.423515679,2023,,,,0.9643835616438357,0.96986301369863,0.9753424657534246,0.9684931506849316,0.9643835616438357,0.1264,0.1929,0.0847,0.78,0.82,1792.0,1.0,0,0,0,0,0,0,1,0,0
,0.0,0.0,23.0,34.0,,45,14.657980456,320,19.5,,0.0,44590,66.120218579,1381,51.556842867,100.0,2023,,,,1.0,1.0,1.0,1.0,1.0,0.1293,0.1898,0.087,0.94,1.0,1381.0,0.0,1,0,0,1,0,0,1,0,1
8.9820359281,2.0,41.97272,14.0,17.9,,290,20.265548567,490,10.4,,21.36752,63555,54.959053685,4680,49.081196581,10.697142857,2023,,,,0.8636363636363636,0.9431818181818182,0.9545454545454546,0.8977272727272727,0.9318181818181818,0.1166,0.1765,0.0789,0.47,0.93,4680.0,1.0,1,0,1,0,0,0,1,0,1
9.1194968553,2.0,56.9314,18.0,22.0,,186,20.43956044,490,14.5,,32.59452,53159,53.141361257,3068,49.380704042,22.748050551,2023,,,,1.0,1.0,1.0,1.0,1.0,0.1235,0.1873,0.0822,0.69,0.9,3068.0,1.0,1,0,0,0,0,0,1,0,1
9.3808630394,2.0,35.92599,47.0,36.7,,202,14.03752606,910,15.8,20.604944832,58.75441,42728,81.048387097,5106,49.490795143,100.0,2023,,,,0.9838709677419356,0.9838709677419356,0.9838709677419356,0.9838709677419356,0.9838709677419356,0.1143,0.1758,0.0766,0.94,0.99,1702.0,1.0,0,0,0,1,0,0,1,0,1
7.5471698113,1.0,46.53327,18.0,29.9,,111,22.334004024,430,19.8,,91.19927,48217,81.65374677,2193,49.110807114,100.0,2023,,,,0.972972972972973,0.972972972972973,0.972972972972973,0.972972972972973,0.972972972972973,0.1166,0.1765,0.0789,1.0,1.0,1097.0,1.0,1,0,0,1,0,0,1,0,1
6.300630063,5.0,68.74742,30.0,16.4,,605,25.145469659,870,12.0,,153.37422999999998,70895,56.213017751,7172,47.113775795,23.541697747,2023,,,,0.9344262295081968,0.8852459016393442,0.9508196721311476,0.9344262295081968,0.9016393442622952,0.1241,0.1883,0.0824,0.55,0.92,652.0,1.0,1,0,1,0,0,0,1,0,1
8.5008850863,1879.0,71.28527,55.0,20.3,6.3617250733,80404,11.775681498,373560,14.2,51.732681667,137.93237,63549,73.393637195,2586050,50.418708068,0.6883041916,2023,,,,0.9365238285943132,0.9438182962412036,0.9620687682361692,0.9405572401167116,0.9323759940500028,0.1078,0.1697,0.0704,0.75,0.83,725.0,1.0,0,0,0,0,0,0,1,0,0
10.579937304,5.0,38.53862,32.0,27.8,,421,12.623688156,2330,18.1,18.853243491,48.33642,43627,72.663066057,12413,44.292274229,16.294368539,2023,,,,0.8368794326241135,0.8723404255319149,0.9078014184397164,0.8581560283687943,0.8581560283687943,0.1235,0.1873,0.0822,0.95,1.0,2069.0,1.0,0,0,0,1,0,0,1,1,0
8.3524870983,219.0,51.62903,44.0,32.6,5.0383674846,16733,13.312594973,75390,17.9,80.079373763,88.8828,46436,85.421696284,423029,50.809518969,8.4208064596,2023,,,,0.9878858929269244,0.9867135599843688,0.9910121141070732,0.9898397811645174,0.988081281750684,0.105,0.1701,0.0683,0.98,0.98,1125.0,1.0,0,0,0,1,0,0,1,0,0
11.451135242,2.0,14.17434,41.0,19.1,,373,12.036140691,1940,13.9,,63.76196,56708,49.699398798,14115,50.442791357,72.179562906,2023,,,,0.9239130434782608,0.9239130434782608,0.9239130434782608,0.9293478260869564,0.9130434782608696,0.1278,0.1901,0.086,0.3,0.8,1568.0,1.0,1,1,0,0,0,0,0,1,0
8.7076951725,287.0,77.58287,36.0,19.7,6.5978802555,8956,8.7289597567,53820,15.1,45.673583546,197.0407,58878,54.207645538,379617,50.026210628,15.186229794,2023,,,,0.9612030610428902,0.9647624132407902,0.9690336358782702,0.9635166399715251,0.9617369638725752,0.1244,0.1993,0.0815,0.81,0.83,508.0,1.0,0,0,0,1,0,0,1,0,0
7.0351758794,10.0,47.61678,37.0,22.1,,704,13.606494009,2580,12.0,39.015376493,81.10711,70662,59.27737028,19727,48.299285244,44.731303494,2023,,,,0.9795081967213116,0.9754098360655736,0.9836065573770492,0.9795081967213116,0.9795081967213116,0.1065,0.1663,0.0699,0.86,0.88,1233.0,1.0,0,0,0,1,0,0,1,1,0
6.1497326203,13.0,31.40628,45.0,19.3,,1527,15.597548519,5980,14.8,60.594965393,75.7504,58060,53.226044589,42244,50.246188808,59.03426386,2023,,,,0.9234972677595628,0.9562841530054644,0.9672131147540984,0.9289617486338798,0.930783242258652,0.1317,0.1945,0.0881,0.62,0.85,1320.0,1.0,0,0,0,0,0,0,1,0,0
8.3862770013,84.0,69.99417,52.0,16.5,5.228398459,3312,11.286804798,15990,13.5,40.663404541,112.21747,60750,51.60510692,119411,49.969433302,15.64087676,2023,,,,0.9721695129664768,0.9759645793801393,0.9822896900695762,0.9753320683111956,0.9728020240354206,0.1078,0.1675,0.0704,0.66,0.89,891.0,1.0,0,0,0,0,0,0,1,0,0
9.0909090909,8.0,27.014250000000004,50.0,21.7,,952,14.432989691,4270,15.0,47.244025185,29.71572,52540,65.738036396,30287,45.260342721,68.903172455,2023,,,,0.9563758389261744,0.9563758389261744,0.959731543624161,0.9563758389261744,0.9496644295302014,0.1225,0.1864,0.0827,0.86,0.9,3365.0,1.0,0,0,0,1,0,0,1,1,0
11.382113821,1.0,46.72897,35.0,27.4,,65,17.015706806,350,16.2,,57.47126,42690,57.575757576,1740,44.08045977,100.0,2023,,,,0.8636363636363636,0.9090909090909092,1.0,0.8636363636363636,0.8636363636363636,0.1143,0.1758,0.0766,0.88,0.93,1740.0,1.0,1,0,0,1,0,0,1,0,1
9.0676080859,101.0,60.22624,42.0,22.0,5.5278348498,9453,17.959873846,23160,14.3,37.18280955,97.46044,58389,52.976190476,161091,48.850649633,9.4552614308,2023,,,,0.9347649918962724,0.9258508914100486,0.9647487844408428,0.9396272285251216,0.9226094003241492,0.1113,0.171,0.0731,0.79,0.88,1026.0,1.0,0,0,0,0,0,0,1,0,0
7.0967741935,1.0,52.00208,29.0,32.6,,91,20.823798627,240,12.3,,0.0,47573,70.526315789,1438,47.009735744,100.0,2023,,,,0.9736842105263158,0.9736842105263158,0.9736842105263158,0.9736842105263158,0.9736842105263158,0.107,0.1724,0.0705,0.44,0.92,1438.0,0.0,1,0,1,0,0,0,1,0,1
8.4655168433,433.0,51.46882,36.0,27.4,4.4294285811,21843,9.6203055701,126370,15.1,50.939678054,94.82146,50983,74.378464442,867947,50.206752256,2.1743664811,2023,,,,0.9615233992559232,0.970628549050323,0.9806148423732132,0.9711180732328176,0.9621108282749168,0.0965,0.1577,0.0608,0.95,0.96,1055.0,1.0,0,0,0,1,0,0,1,0,0
7.2161642078,79.0,41.19733,53.0,12.4,5.8931377685,7666,14.622794468,19920,11.1,34.379483717,72.52884,87698,46.881656512,202678,50.457869132,31.975135352,2023,,,,0.942153846153846,0.944,0.953846153846154,0.9467692307692308,0.9433846153846154,0.1147,0.169,0.0766,0.39,0.7,1379.0,1.0,0,1,0,0,0,0,0,0,0
6.652555186,25.0,57.838240000000006,49.0,20.4,6.160164271,1152,12.42584403,5840,13.8,79.41056646,57.6329,51964,51.908525307,43378,50.975148693,46.320929005,2023,,,,0.9471153846153846,0.9543269230769232,0.9543269230769232,0.9519230769230768,0.9495192307692308,0.1134,0.1689,0.0762,0.63,0.87,1735.0,1.0,0,0,0,0,0,0,1,0,0
9.3510118632,2.0,11.57742,36.0,27.5,,416,11.46953405,3160,18.3,46.251502548,46.20805,46173,79.282868526,17313,52.74071507,67.356990932,2023,,,,0.9152542372881356,0.9322033898305084,0.9661016949152542,0.9491525423728814,0.9209039548022598,0.1248,0.188,0.085,0.98,0.99,2164.0,1.0,0,0,0,1,0,0,1,1,0
8.4288052373,7.0,19.49155,43.0,17.9,,1002,12.757830405,4880,13.9,51.670927777,41.01835,56794,53.680365297,36569,46.443709153,70.529264337,2023,,,,0.928191489361702,0.925531914893617,0.928191489361702,0.925531914893617,0.925531914893617,0.1317,0.1945,0.0881,0.58,0.86,2438.0,1.0,0,0,1,0,0,0,1,0,0
7.6968973747,6.0,23.48612,51.0,15.5,,836,15.690690691,3130,12.4,32.409007585,72.91287,64711,52.008686211,24687,50.447604002,67.137737232,2023,,,,0.9705882352941176,0.9705882352941176,0.9742647058823528,0.9742647058823528,0.9705882352941176,0.124,0.188,0.0827,0.44,0.84,1372.0,1.0,0,0,1,0,0,0,1,1,0
11.743772242,2.0,52.85412,14.0,21.6,,135,16.148325359,520,13.7,,107.93308,51362,55.696202532,3706,49.541284404,100.0,2023,,,,0.9714285714285714,0.9714285714285714,1.0,0.9714285714285714,0.9714285714285714,0.1278,0.1901,0.086,0.43,0.91,927.0,1.0,1,0,1,0,0,0,1,0,1
9.3253968254,3.0,52.8914,32.0,30.5,,227,15.379403794,750,13.0,43.308589608,93.45794,43855,77.575757576,5350,49.700934579,53.319888303,2023,,,,0.9714285714285714,0.9714285714285714,0.9714285714285714,0.9714285714285714,0.9714285714285714,0.1143,0.1758,0.0766,0.83,0.97,1070.0,1.0,0,0,0,1,0,0,1,0,1
7.3799521099,493.0,53.626360000000005,55.0,7.6,4.2977309677,20866,8.9343135702,96610,11.2,39.352739145,79.01050000000001,98027,32.259779109,941647,50.600809008,6.9058305439,2023,,,,0.9223848238482384,0.9218428184281844,0.9365853658536586,0.9249864498644986,0.9188075880758808,0.0949,0.1412,0.0617,0.22,0.63,1266.0,1.0,0,1,0,0,0,0,0,0,0
,0.0,0.0,34.0,31.8,,39,16.810344828,150,12.7,,92.59259,42616,75.247524752,1080,52.5,100.0,2023,,,,0.8,0.9333333333333332,0.9333333333333332,0.8,0.8,0.1293,0.1898,0.087,0.48,0.93,1080.0,1.0,1,0,1,0,0,0,1,0,1
8.7272127361,111.0,89.35112,48.0,21.6,7.5115870225,4178,13.096768126,20810,16.8,36.246509745,167.47047,57608,65.590405904,124201,51.043872433,13.36235932,2023,,,,0.9553305539011316,0.957712924359738,0.96605122096486,0.9571173317450864,0.9541393686718284,0.1265,0.1924,0.0851,0.88,0.79,597.0,1.0,0,0,0,1,0,0,0,0,0
5.919395466,3.0,27.72387,44.0,22.4,,256,9.9417475728,1290,12.0,58.52548462,38.2263,51885,58.930987821,10464,50.162461774,69.12776992,2023,,,,0.968421052631579,0.968421052631579,0.968421052631579,0.968421052631579,0.968421052631579,0.1283,0.1937,0.0866,0.53,0.79,2616.0,1.0,0,0,1,0,0,0,0,1,0
9.7432905484,4.0,19.62805,40.0,33.7,,533,11.347668725,2910,14.5,,92.21089,47833,82.887517147,18436,40.285311347,22.181564733,2023,,,,0.9760765550239234,0.985645933014354,0.985645933014354,0.9808612440191388,0.9808612440191388,0.1146,0.174,0.0756,0.99,0.99,1084.0,1.0,1,0,0,1,0,0,1,1,0
5.6283978254,2.0,9.09256,27.0,20.3,,1966,24.072486837,2820,13.4,58.506224066,18.26901,58712,60.435267857,21895,48.869604933,63.043478261,2023,,,,0.81640625,0.82421875,0.828125,0.8203125,0.828125,0.1166,0.1765,0.0789,0.68,0.99,5474.0,1.0,0,0,0,0,0,0,1,1,0
8.5685021015,265.0,76.79178,50.0,16.4,4.7870295957,7401,8.6221559467,47740,14.1,49.523979284,103.36223,77627,49.239817818,355062,50.683542593,6.1498271595,2023,,,,0.95333455814808,0.9524159470880028,0.9650927797170678,0.9557229469042808,0.950762447179864,0.1049,0.1574,0.0689,0.58,0.73,967.0,1.0,0,0,1,0,0,0,0,0,0
8.8019559902,1.0,16.072,38.0,26.7,,142,14.639175258,1020,16.9,67.88125879,34.112230000000004,43890,71.444201313,5863,34.129285349,22.334004024,2023,,,,0.95,0.95,0.95,0.95,0.95,0.1143,0.1758,0.0766,0.72,0.96,2932.0,1.0,0,0,0,0,0,0,1,0,1
8.1187010078,34.0,126.11276,57.0,14.8,,967,17.569040698,3470,13.0,,76.93153,71594,49.115164715,27297,51.306004323,53.653822925,2023,,,,0.9253246753246752,0.9123376623376624,0.935064935064935,0.9285714285714286,0.9155844155844156,0.1008,0.1475,0.0669,0.36,0.61,1300.0,1.0,1,1,0,0,0,0,0,1,0
,0.0,0.0,47.0,10.3,,102,26.424870466,190,13.3,,0.0,116958,27.986348123,1149,45.953002611,100.0,2023,,,,0.92,0.92,0.92,0.92,0.92,0.1235,0.1873,0.0822,0.18,0.81,1149.0,0.0,1,0,0,0,1,0,1,0,1
8.1027667984,,,47.0,24.3,,208,12.991880075,1070,14.1,28.449901725,13.960630000000002,58937,50.355731225,7163,50.20242915,100.0,2023,,,,0.989247311827957,0.978494623655914,0.989247311827957,0.989247311827957,0.989247311827957,0.1134,0.1709,0.0762,0.58,0.97,7163.0,1.0,0,0,1,0,0,0,1,0,1
8.8122605364,7.0,33.41608,44.0,23.1,,896,15.799682596,2740,13.1,30.735924734,71.27947,48164,78.357463804,19641,49.39157884,65.279951532,2023,,,,0.9836065573770492,0.971311475409836,0.9836065573770492,0.9836065573770492,0.9836065573770492,0.1134,0.1709,0.0762,0.9,0.98,1403.0,1.0,0,0,0,1,0,0,1,1,0
7.1428571429,8.0,36.937850000000005,47.0,23.6,,908,16.506089802,3470,15.7,64.78755446,61.81645,45530,61.803781298,21030,45.468378507,19.387619259,2023,,,,0.960431654676259,0.960431654676259,0.9640287769784172,0.9640287769784172,0.9640287769784172,0.1241,0.1883,0.0824,0.84,0.95,1618.0,1.0,0,0,0,1,0,0,1,1,0
7.9365079365,62.0,44.82425,52.0,14.8,6.3785823376,4350,12.890416642,19450,14.6,39.24153424,94.73503,62678,54.599831508,139336,50.938020325,43.150475277,2023,,,,0.9368825466520307,0.9407244785949506,0.951152579582876,0.9445664105378704,0.9412733260153676,0.1317,0.1945,0.0881,0.66,0.79,1056.0,1.0,0,0,0,0,0,0,0,0,0
6.6396761134,12.0,91.88361,38.0,26.0,,463,13.541971337,2160,16.7,26.539211383,47.55866,51024,78.355347252,12616,51.077996195,61.478912991,2023,,,,0.9760479041916168,0.9760479041916168,0.9820359281437124,0.9700598802395208,0.9820359281437124,0.1285,0.1874,0.0874,0.9,0.98,2103.0,1.0,0,0,0,1,0,0,1,1,0
11.304347826,,,21.0,24.7,,101,15.303030303,420,12.5,49.944382647,122.39902,44353,53.971119134,3268,50.979192166,100.0,2023,,,,0.951219512195122,0.951219512195122,0.951219512195122,0.951219512195122,0.951219512195122,0.1241,0.1883,0.0824,0.45,0.82,817.0,1.0,0,0,1,0,0,0,1,0,1
8.8337684943,7.0,23.42783,42.0,29.9,,741,11.026785714,5230,17.4,30.386327196,59.523810000000005,42896,61.835205993,28560,51.37605042,74.011948529,2023,,,,0.9461756373937678,0.9405099150141644,0.9490084985835694,0.9490084985835694,0.9461756373937678,0.1356,0.2056,0.0926,0.78,0.98,1680.0,1.0,0,0,0,0,0,0,1,1,0
8.2079343365,3.0,16.31499,39.0,25.5,,492,12.484141081,3280,17.9,38.219766167,61.576350000000005,47526,59.838472834,17864,49.966412897,60.345477049,2023,,,,0.8372093023255814,0.916279069767442,0.9209302325581395,0.8372093023255814,0.8232558139534883,0.1278,0.1901,0.086,0.81,0.98,1624.0,1.0,0,0,0,1,0,0,1,1,0
8.0744374367,51.0,29.89309,40.0,12.5,5.3183169091,3711,8.4875237289,18060,11.1,44.61007155,51.40197,80145,41.107765969,177036,50.229896744,26.16225586,2023,,,,0.933249370277078,0.9389168765743072,0.9477329974811084,0.9351385390428212,0.9338790931989924,0.1024,0.1543,0.0667,0.43,0.77,1945.0,1.0,0,0,1,0,0,0,0,0,0
8.5445094217,10.0,30.53062,37.0,28.1,,1101,12.443490054,4680,14.0,49.51778371,74.48790000000001,47373,75.563232202,32220,47.172563625,23.099826317,2023,,,,0.981264637002342,0.97423887587822,0.990632318501171,0.9836065573770492,0.981264637002342,0.1143,0.1758,0.0766,0.93,0.97,1343.0,1.0,0,0,0,1,0,0,1,1,0
8.040201005,8.0,93.49071,25.0,22.8,,316,16.889363976,1440,17.1,,97.21716,53759,52.56869773,8229,50.22481468,64.377128097,2023,,,,0.9464285714285714,0.9375,0.9553571428571428,0.9553571428571428,0.9375,0.1264,0.1929,0.0847,0.61,0.78,1029.0,1.0,1,0,0,0,0,0,0,0,1
4.3795620438,5.0,124.65719,37.0,26.3,,188,21.33938706,600,15.2,,84.45946,45677,76.326530612,3552,49.408783784,100.0,2023,,,,0.9473684210526316,0.9473684210526316,0.9736842105263158,0.9736842105263158,0.9473684210526316,0.1293,0.1898,0.087,0.73,0.96,1184.0,1.0,1,0,0,0,0,0,1,0,1
8.9017102823,10.0,17.15119,46.0,15.1,6.2578222778,1706,11.509141199,9210,16.1,66.330426643,57.92217,67183,46.534464677,56973,50.566057606,51.547542784,2023,,,,0.8875154511742892,0.927070457354759,0.9406674907292956,0.892459826946848,0.8875154511742892,0.1338,0.1949,0.0899,0.25,0.81,1726.0,1.0,0,1,0,0,0,0,1,0,0
8.7783547757,2788.0,58.84025,51.0,23.0,5.9292286292,161681,12.748343979,695310,14.9,50.439585496,114.57203,63539,69.079986136,4728030,50.20824741,1.2132803285,2023,,,,0.9334318789549736,0.94357986347556,0.9506718264711256,0.9302097693035924,0.9266222657742198,0.1057,0.1669,0.0691,0.72,0.79,873.0,1.0,0,0,0,0,0,0,0,0,0
8.479741843,21.0,31.63318,45.0,20.0,6.8382220623,2012,12.12632594,10630,16.0,41.23539529,66.52205,56645,51.609815524,69150,50.856109906,56.054303607,2023,,,,0.946808510638298,0.9444444444444444,0.966903073286052,0.953900709219858,0.9562647754137116,0.1276,0.1901,0.0861,0.73,0.94,1503.0,1.0,0,0,0,0,0,0,1,0,0
6.9506726457,,,47.0,8.2,,224,18.436213992,610,10.9,,,71332,59.027777778,5397,39.003149898,57.258330584,2023,,,,0.896551724137931,0.8275862068965517,0.9655172413793104,0.896551724137931,0.8275862068965517,0.1241,0.1883,0.0824,0.53,0.74,,,1,0,1,0,0,0,0,0,1
8.8414634146,3.0,52.13764,38.0,27.4,,154,14.864864865,870,15.3,10.907424381,18.48087,43546,68.414322251,5411,46.220661615,47.61824038,2023,,,,0.9,0.9,0.92,0.88,0.92,0.1278,0.1901,0.086,0.98,0.99,5411.0,1.0,0,0,0,1,0,0,1,0,1
6.9996640161,103.0,42.67396,52.0,12.6,3.6802174159,6222,10.848982581,26660,12.0,51.110830383,66.95457999999999,79336,43.315629169,255397,50.197144054,31.712145226,2023,,,,0.9613857813063876,0.959942259112234,0.9635510645976182,0.9613857813063876,0.954168170335619,0.1018,0.157,0.0664,0.49,0.73,1494.0,1.0,0,0,1,0,0,0,0,0,0
4.8991354467,4.0,105.90416,35.0,14.9,,248,20.735785953,500,12.9,,122.28676000000002,65387,44.811858609,3271,50.290431061,26.95035461,2023,,,,0.9387755102040816,0.9387755102040816,0.9387755102040816,0.9387755102040816,0.9387755102040816,0.1241,0.1883,0.0824,0.74,0.8,818.0,1.0,1,0,0,0,0,0,1,0,1
7.6177068669,27.0,32.22265,52.0,22.7,8.6275762901,2134,11.777041943,13710,16.7,52.683585114,53.78465,50348,68.687435682,83667,50.83724766,60.110528192,2023,,,,0.935288169868554,0.9312436804853388,0.9544994944388272,0.9393326592517696,0.9373104145601616,0.1398,0.2105,0.0948,0.72,0.9,1859.0,1.0,0,0,0,0,0,0,1,0,0
8.6074300215,406.0,46.3894,47.0,37.6,4.3081601622,41304,14.839831568,164720,19.1,80.255526351,102.79932,44260,85.880367608,880356,50.671660101,5.1386929524,2023,,,,0.9547646849774076,0.9747677311265674,0.9854800223384272,0.954358531756105,0.9537493019241507,0.1074,0.1741,0.0695,0.98,0.99,973.0,1.0,0,0,0,1,0,0,1,0,0
7.9505300353,9.0,24.32038,40.0,21.3,,1184,13.587330732,5370,14.9,41.380210643,49.35428,52495,61.761919798,36471,49.787502399,76.266066289,2023,,,,0.930715935334873,0.930715935334873,0.9515011547344112,0.9330254041570438,0.9237875288683602,0.1248,0.188,0.085,0.87,0.93,2026.0,1.0,0,0,0,1,0,0,1,1,0
6.2231759657,1.0,18.69508,40.0,23.3,,172,13.607594937,870,16.5,64.290443611,55.63798,50329,65.685164213,5392,50.853115727,100.0,2023,,,,0.9701492537313432,0.9850746268656716,1.0,0.9701492537313432,0.9850746268656716,0.1283,0.1937,0.0866,0.57,0.85,1797.0,1.0,0,0,1,0,0,0,1,0,1
9.2833092833,14.0,61.07936,37.0,22.8,,856,14.016702145,3390,14.7,41.795146612,70.21486,51078,64.010338143,21363,50.156813182,39.847394811,2023,,,,0.9345794392523364,0.9470404984423676,0.9470404984423676,0.940809968847352,0.9376947040498442,0.1143,0.1758,0.0766,0.9,0.97,1424.0,1.0,0,0,0,1,0,0,1,1,0
10.414114188,10.0,24.72066,43.0,29.3,4.8959608323,1274,11.431135038,7420,18.2,78.561748264,102.96805,43852,78.986915404,38847,50.353952686,40.085214751,2023,,,,0.901840490797546,0.9427402862985684,0.950920245398773,0.901840490797546,0.9079754601226994,0.0992,0.1603,0.0642,0.92,0.99,971.0,1.0,0,0,0,1,0,0,1,0,0
7.2887213321,10.0,26.90342,49.0,20.6,,1296,14.007782101,5170,14.1,47.409821557,96.74559,56680,60.551948052,37211,50.595254092,59.62572168,2023,,,,0.956611570247934,0.9586776859504132,0.9648760330578512,0.9607438016528924,0.9545454545454546,0.1283,0.1937,0.0866,0.71,0.76,1034.0,1.0,0,0,0,0,0,0,0,0,0
9.7485253027,10.0,27.36727,36.0,19.4,,945,11.800699301,5840,16.1,47.882369016,117.20581,55842,56.391382406,34128,42.123769339,20.064549297,2023,,,,0.9649122807017544,0.9517543859649122,0.9649122807017544,0.9649122807017544,0.9539473684210528,0.1235,0.1873,0.0822,0.92,0.97,853.0,1.0,0,0,0,1,0,0,1,1,0
10.526315789,,,21.0,34.8,,218,22.614107884,850,18.1,,0.0,38904,88.013136289,3287,46.273197444,100.0,2023,,,,1.0,1.0,1.0,1.0,1.0,0.1166,0.1765,0.0789,0.98,0.98,3287.0,0.0,1,0,0,1,0,0,1,0,1
8.6433394721,29.0,29.05608,43.0,17.6,7.3944103271,2734,11.283532811,14620,15.2,49.665821138,72.53806,58326,57.242331818,103394,50.50583206,56.631332072,2023,,,,0.9448051948051948,0.9407467532467532,0.950487012987013,0.9472402597402596,0.9472402597402596,0.1122,0.1653,0.0743,0.83,0.87,1379.0,1.0,0,0,0,1,0,0,1,0,0
8.803728638,5.0,24.18146,44.0,17.5,,745,13.967004124,3140,14.9,72.830580163,63.4301,56646,50.609756098,20495,49.212002928,22.564334086,2023,,,,0.949748743718593,0.9547738693467336,0.9547738693467336,0.949748743718593,0.9447236180904522,0.1241,0.1883,0.0824,0.66,0.86,1577.0,1.0,0,0,0,0,0,0,1,1,0
11.538461538,0.0,0.0,45.0,12.4,,59,16.388888889,200,13.1,,0.0,69966,41.486068111,1552,49.484536082,100.0,2023,,,,0.9393939393939394,0.9393939393939394,0.9393939393939394,0.9393939393939394,0.9393939393939394,0.1235,0.1873,0.0822,0.2,0.88,1552.0,0.0,1,1,0,0,0,0,1,0,1
7.2900158479,5.0,55.21201000000001,35.0,20.6,,292,14.476945959,1420,15.9,,68.87052,51846,65.995115995,8712,43.721303949,53.217602831,2023,,,,0.96875,0.96875,0.96875,0.96875,0.96875,0.1293,0.1898,0.087,0.65,0.98,1452.0,1.0,1,0,0,0,0,0,1,0,1
7.2108843537,2.0,13.46439,40.0,18.1,,587,15.097736626,2190,14.8,35.973896055,72.74651,60666,52.333759591,15121,49.990080021,61.818827709,2023,,,,0.9787234042553192,0.9822695035460992,0.9858156028368794,0.9822695035460992,0.9822695035460992,0.1134,0.1709,0.0762,0.68,0.93,1375.0,1.0,0,0,0,0,0,0,1,1,0
8.4089323098,12.0,33.92226,40.0,32.2,,967,11.594724221,6970,19.6,53.342158311,81.88021,50038,65.382567016,32975,50.147081122,78.185382246,2023,,,,0.8959390862944162,0.9086294416243654,0.9213197969543148,0.8984771573604061,0.8984771573604061,0.1428,0.2169,0.0983,0.82,0.92,1221.0,1.0,0,0,0,1,0,0,1,1,0
9.2592592593,1.0,45.04505,20.0,57.1,,20,31.25,350,15.7,,51.30836,56149,45.25862069,1949,49.615187276,100.0,2023,,,,0.9090909090909092,0.9090909090909092,0.9090909090909092,0.9090909090909092,0.9090909090909092,0.1166,0.1765,0.0789,0.36,0.89,1949.0,1.0,1,1,0,0,0,0,1,0,1
10.308434918,129.0,51.5738,46.0,27.0,8.6384204031,7432,12.279223461,46070,18.2,56.477132093,139.53268,55575,69.418019693,253704,48.458045596,8.4020089348,2023,,,,0.9468120251073672,0.9484638255698712,0.9643211100099108,0.9540799471423852,0.948794185662372,0.1231,0.1913,0.0827,0.86,0.95,717.0,1.0,0,0,0,1,0,0,1,0,0
10.179640719,,,27.0,42.3,,89,14.262820513,510,17.0,,35.14938,34766,81.715575621,2845,49.912126538,100.0,2023,,,,0.8529411764705882,0.8529411764705882,0.8529411764705882,0.8529411764705882,0.8529411764705882,0.1241,0.1883,0.0824,0.95,1.0,2845.0,1.0,1,0,0,1,0,0,1,0,1
7.0512820513,27.0,42.50161,52.0,16.1,7.3042684319,1559,11.453971053,7780,13.0,78.755296044,73.18364,68911,52.990591398,64222,50.928030893,32.845531632,2023,,,,0.892128279883382,0.9052478134110788,0.924198250728863,0.8877551020408163,0.8892128279883382,0.1134,0.1689,0.0762,0.26,0.66,1366.0,1.0,0,1,0,0,0,0,0,0,0
6.6413662239,3.0,56.82894,45.0,16.7,,406,25.438596491,600,11.1,,58.1508,57692,55.938416422,5159,48.885442915,40.334936754,2023,,,,0.9318181818181818,0.9204545454545454,0.9545454545454546,0.9545454545454546,0.9318181818181818,0.1241,0.1883,0.0824,0.76,0.83,1720.0,1.0,1,0,0,0,0,0,1,0,1
9.5457537854,4.0,17.51697,42.0,28.8,,463,10.425579824,3880,16.9,41.141908874,71.93921,45603,70.635910224,22241,46.126523088,73.487274566,2023,,,,0.88,0.9155555555555556,0.9555555555555556,0.8933333333333333,0.8844444444444445,0.1365,0.206,0.093,0.91,0.97,1390.0,1.0,0,0,0,1,0,0,1,1,0
7.9766536965,1.0,19.29012,38.0,37.1,,181,11.536010198,1020,19.7,,,37454,87.04028021,4801,48.052489065,17.396226415,2023,,,,0.9836065573770492,0.9836065573770492,0.9836065573770492,0.9836065573770492,0.9836065573770492,0.1146,0.1867,0.0742,0.99,1.0,,,1,0,0,1,0,0,1,0,1
8.3248730964,2.0,13.43815,40.0,27.3,,335,11.290866195,2830,19.2,58.626081099,57.85781,46569,74.559082892,13827,51.131843495,77.236887213,2023,,,,0.88125,0.9,0.925,0.9,0.9,0.1365,0.206,0.093,0.8,0.97,1728.0,1.0,0,0,0,1,0,0,1,1,0
6.8209583277,78.0,43.43589,49.0,12.8,6.3472563473,6538,13.608642258,22190,12.9,44.900670064,72.61854,76226,49.06062587,187280,49.832870568,37.874170167,2023,,,,0.9382142857142856,0.9407142857142856,0.9507142857142856,0.9432142857142856,0.9414285714285714,0.1346,0.1961,0.0907,0.51,0.73,1377.0,1.0,0,0,1,0,0,0,0,0,0
,0.0,0.0,36.0,23.4,,29,39.726027397,40,10.9,,0.0,42379,52.808988764,340,48.235294118,100.0,2023,,,,1.0,1.0,1.0,1.0,1.0,0.0992,0.1603,0.0642,0.73,0.99,340.0,0.0,1,0,0,0,0,0,1,0,1
,0.0,0.0,25.0,15.8,,28,14.893617021,100,14.1,,0.0,54154,38.636363636,749,47.396528705,100.0,2023,,,,1.0,1.0,1.0,1.0,1.0,0.1278,0.1901,0.086,0.44,0.91,749.0,0.0,1,0,1,0,0,0,1,0,1
8.3084442031,45.0,85.11604,53.0,20.1,6.0109289617,1484,14.706173818,7690,14.7,61.072780424,116.62685,60834,58.270398341,53161,51.511446361,41.102267003,2023,,,,0.9168241965973536,0.9111531190926276,0.9319470699432892,0.9206049149338374,0.9130434782608696,0.1008,0.1475,0.0669,0.7,0.6,857.0,1.0,0,0,0,0,0,0,0,0,0
8.3591331269,4.0,90.99181,30.0,32.1,,122,14.950980392,730,16.8,,114.54754,48671,65.442404007,4365,50.652920962,44.302148904,2023,,,,0.9787234042553192,1.0,0.9787234042553192,1.0,1.0,0.1235,0.1873,0.0822,0.59,0.82,873.0,1.0,1,0,1,0,0,0,1,0,1
,0.0,0.0,,14.5,,22,27.848101266,60,23.2,,0.0,74890,21.25984252,258,47.674418605,100.0,2023,,,,0.75,0.75,0.5,0.75,0.5,0.1143,0.1758,0.0766,0.2,0.68,258.0,0.0,1,0,0,0,1,0,0,0,1
6.7226890756,,,28.0,24.7,,109,15.013774105,600,16.2,,63.89776,50567,64.161849711,3130,44.313099042,20.455808783,2023,,,,1.0,1.0,1.0,1.0,1.0,0.107,0.1724,0.0705,0.86,0.98,1565.0,1.0,1,0,0,1,0,0,1,0,1
8.2252559727,13.0,42.85055,42.0,32.0,,849,11.300412618,5490,17.9,49.461018366,52.22783999999999,49226,70.935765266,30635,49.198629019,18.870278532,2023,,,,0.9470198675496688,0.9536423841059604,0.956953642384106,0.9470198675496688,0.9503311258278144,0.0992,0.1603,0.0642,0.98,0.99,1915.0,1.0,0,0,0,1,0,0,1,1,0
6.8322981366,1.0,27.15178,14.0,28.6,,174,17.827868852,490,13.3,39.368795812,179.05103,45558,61.096605744,3351,50.402864816,100.0,2023,,,,0.9361702127659576,0.9361702127659576,0.9361702127659576,0.9361702127659576,0.9361702127659576,0.1278,0.1901,0.086,0.8,0.93,559.0,1.0,0,0,0,0,0,0,1,0,1
10.849056604,,,29.0,32.3,,169,11.59917639,1060,14.1,,194.90255,40549,78.260869565,6670,40.539730135,46.354923032,2023,,,,0.9661016949152542,0.9661016949152542,0.9661016949152542,0.9661016949152542,0.9661016949152542,0.107,0.1724,0.0705,0.82,0.97,513.0,1.0,1,0,0,1,0,0,1,0,1
8.4627159414,20.0,40.07614,50.0,25.2,7.0609002648,1610,13.386546936,9020,18.1,45.626298291,139.72614000000002,50787,60.81048581,50098,51.45514791,47.082923302,2023,,,,0.9625187406296852,0.9610194902548724,0.9655172413793104,0.9640179910044976,0.9640179910044976,0.1283,0.1937,0.0866,0.84,0.94,716.0,1.0,0,0,0,1,0,0,1,0,0
8.5547290117,14.0,38.12117,42.0,31.7,,1313,13.637307852,6400,17.4,61.405185157,77.0416,50054,72.004591764,36344,49.72485142,36.417633916,2023,,,,0.9763779527559056,0.9763779527559056,0.984251968503937,0.9783464566929134,0.9744094488188976,0.1114,0.1704,0.0738,0.91,0.94,1298.0,1.0,0,0,0,1,0,0,1,1,0
8.5894405043,4.0,31.47128,32.0,26.3,,547,15.522133939,1980,15.2,30.81841909,62.02512,48981,69.924541861,12898,49.9612343,57.687629677,2023,,,,0.9629629629629628,0.9629629629629628,0.9814814814814816,0.9814814814814816,0.9629629629629628,0.1143,0.1758,0.0766,0.9,0.99,1612.0,1.0,0,0,0,1,0,0,1,1,0
8.3267352864,13.0,22.26866,27.0,28.0,6.915813273,2663,14.710269016,11660,20.1,84.828082438,48.2293,41815,83.333333333,58056,49.671007303,9.2557779498,2023,,,,0.8766730401529637,0.8996175908221797,0.95697896749522,0.8766730401529637,0.8565965583173997,0.107,0.1724,0.0705,0.97,1.0,2073.0,1.0,0,0,0,1,0,0,1,0,0
7.1911493546,14.0,69.25208,47.0,15.9,,591,12.046473706,2480,12.4,37.637176067,77.88162,54421,37.42280774,20544,50.910241433,81.316513523,2023,,,,0.9615384615384616,0.9583333333333334,0.971153846153846,0.9647435897435898,0.9647435897435898,0.1134,0.1709,0.0762,0.69,0.91,1284.0,1.0,0,0,0,0,0,0,1,1,0
7.3342736248,,,43.0,23.8,,708,17.633872976,3010,17.4,41.965456189,31.33028,51582,58.362760835,15959,49.909142177,100.0,2023,,,,0.9285714285714286,0.945054945054945,0.945054945054945,0.934065934065934,0.9285714285714286,0.1225,0.1864,0.0827,0.62,0.92,3192.0,1.0,0,0,0,0,0,0,1,1,0
8.5500490677,19.0,20.75437,39.0,22.0,6.8758594824,3306,12.773849542,14420,16.7,38.264390733,40.97479,57174,77.039155735,97621,50.224849162,63.227264915,2023,,,,0.9701879455605964,0.9643551523007128,0.9766688269604666,0.9753726506804924,0.966299416720674,0.1377,0.2028,0.0929,0.94,0.97,2441.0,1.0,0,0,0,1,0,0,1,0,0
10.221550856,9.0,38.56041,41.0,24.5,,651,12.799842705,3860,16.5,29.147404479,63.294,50381,74.421768707,22119,48.225507482,53.617858365,2023,,,,0.8098591549295775,0.8697183098591549,0.897887323943662,0.8169014084507042,0.8098591549295775,0.1248,0.188,0.085,0.95,0.98,1580.0,1.0,0,0,0,1,0,0,1,1,0
5.3691275168,,,38.0,19.0,,224,27.757125155,430,13.0,,34.118050000000004,64249,67.213114754,2931,48.515864893,100.0,2023,,,,0.925,0.95,0.95,0.925,0.925,0.1241,0.1883,0.0824,0.46,0.87,2931.0,1.0,1,0,1,0,0,0,1,0,1
7.2589382449,1.0,8.11425,36.0,25.0,,413,16.202432326,2070,17.0,,43.94832,52910,63.069245165,11377,44.721807155,100.0,2023,,,,0.9779411764705882,0.9705882352941176,0.9779411764705882,0.9852941176470588,0.9926470588235294,0.1146,0.1867,0.0742,0.69,0.95,2275.0,1.0,1,0,0,0,0,0,1,1,0
8.0576759966,15.0,68.31223,42.0,23.1,,489,14.399293286,3150,14.7,68.222322912,54.60005,61037,63.660762211,21978,51.305851306,45.179006269,2023,,,,0.9574468085106383,0.9645390070921984,0.9716312056737588,0.9574468085106383,0.9787234042553192,0.1264,0.1929,0.0847,0.47,0.76,1832.0,1.0,0,0,1,0,0,0,0,1,0
8.5707294907,258.0,81.96409,49.0,17.6,5.0146259925,6894,9.0741569484,45900,14.9,50.933616777,169.81978,57270,60.029784649,314451,50.614563159,11.335540166,2023,,,,0.909795812871543,0.927371413802016,0.9446885500129232,0.912121995347635,0.9072111656758852,0.109,0.1714,0.0711,0.75,0.74,589.0,1.0,0,0,0,0,0,0,0,0,0
9.7276264591,5.0,82.98755,37.0,23.2,,250,14.95215311,910,15.4,,52.74262,50374,51.526479751,5688,47.55625879,56.720202874,2023,,,,0.875,0.890625,0.90625,0.890625,0.90625,0.1143,0.1758,0.0766,0.89,0.99,1896.0,1.0,1,0,0,1,0,0,1,0,1
8.0589254766,2.0,13.8629,42.0,23.4,,372,11.907810499,1950,13.6,50.343784446,29.15877,48251,72.359290671,13718,42.484327161,67.403395785,2023,,,,0.9597989949748744,0.9698492462311558,0.9748743718592964,0.964824120603015,0.9597989949748744,0.1225,0.1864,0.0827,0.84,0.96,3430.0,1.0,0,0,0,1,0,0,1,1,0
9.0177133655,,,35.0,34.3,,209,11.508810573,1800,18.1,51.705579386,31.1042,43178,75.224123879,9645,51.487817522,100.0,2023,,,,0.9620253164556962,0.9620253164556962,0.9746835443037974,0.9746835443037974,0.9746835443037974,0.1276,0.1901,0.0861,0.69,0.97,3215.0,1.0,0,0,0,0,0,0,1,1,0
7.6452599388,1.0,17.19395,25.0,20.1,,396,20.700470465,660,11.7,,76.7607,69505,48.59375,5211,49.664171944,100.0,2023,,,,0.9239130434782608,0.9239130434782608,0.9565217391304348,0.9347826086956522,0.9239130434782608,0.1235,0.1873,0.0822,0.42,0.89,1303.0,1.0,1,0,1,0,0,0,1,0,1
7.3202614379,1.0,7.96686,41.0,20.2,,373,14.513618677,1790,14.9,43.25465018,23.98273,57294,61.966062025,12509,49.836117995,93.228880337,2023,,,,0.9291338582677166,0.9291338582677166,0.9291338582677166,0.9291338582677166,0.9212598425196852,0.1285,0.1874,0.0874,0.4,0.89,4170.0,1.0,0,0,1,0,0,0,1,1,0
,,,45.0,20.8,,210,23.153252481,520,12.2,,76.0842,56690,47.346368715,3943,49.277200101,100.0,2023,,,,0.96,0.96,0.96,0.96,0.96,0.1235,0.1873,0.0822,0.36,0.81,1314.0,1.0,1,1,0,0,0,0,1,0,1
9.3312597201,6.0,25.87657,37.0,19.3,,745,13.684790595,3720,16.0,18.741245383,52.92172,54244,52.213305721,22675,50.116868798,72.718103883,2023,,,,0.935483870967742,0.939516129032258,0.9435483870967742,0.935483870967742,0.935483870967742,0.1282,0.1918,0.0871,0.7,0.92,1890.0,1.0,0,0,0,0,0,0,1,1,0
8.2516339869,4.0,25.70364,45.0,25.0,,427,12.154853402,2060,13.2,42.071679251,33.88911,48470,65.744203441,14754,41.62938864,38.390447922,2023,,,,0.8434065934065934,0.8571428571428571,0.8983516483516484,0.8461538461538461,0.8406593406593407,0.1134,0.1709,0.0762,0.84,0.97,2951.0,1.0,0,0,0,1,0,0,1,1,0
7.6547842402,41.0,84.49601,53.0,9.2,,1470,12.518095887,4700,10.3,,132.51261,102832,23.795791947,46788,50.414636232,58.159233762,2023,,,,0.9007891770011274,0.910935738444194,0.9143179255918829,0.8996617812852311,0.8974069898534386,0.1008,0.1475,0.0669,0.23,0.47,755.0,1.0,1,1,0,0,0,1,0,0,0
8.6120705326,697.0,83.00524,54.0,8.9,4.1503001556,26374,10.885302736,80400,10.2,46.900561511,82.23387,98070,38.981996938,858527,50.710926971,5.5357676703,2023,,,,0.9528459821428572,0.9503348214285714,0.9637276785714286,0.9556361607142856,0.9506138392857144,0.0795,0.1228,0.0524,0.29,0.54,1216.0,1.0,0,1,0,0,0,1,0,0,0
7.602739726,6.0,30.1902,39.0,21.2,,632,13.733159496,3360,17.0,16.558711163,50.57146,48397,62.382978723,19774,47.886113078,66.476584578,2023,,,,0.921161825726141,0.925311203319502,0.941908713692946,0.933609958506224,0.933609958506224,0.1248,0.188,0.085,0.84,0.97,1977.0,1.0,0,0,0,1,0,0,1,1,0
7.2579221034,372.0,59.39162,52.0,14.7,5.0126287158,19075,11.179683745,73560,12.5,48.30654019,81.37023,87831,45.124496474,648886,50.305754786,22.725597153,2023,,,,0.937216681776972,0.9326835902085222,0.9496826835902086,0.9409564823209428,0.935403445149592,0.1086,0.1585,0.0725,0.39,0.67,1229.0,1.0,0,1,0,0,0,0,0,0,0
8.2534389329,17.0,33.53454,49.0,22.3,6.4462466209,1811,13.279073178,7600,15.4,30.745982397,52.24757999999999,51015,67.12195122,53591,50.577522345,52.657379281,2023,,,,0.947887323943662,0.9380281690140844,0.9577464788732394,0.947887323943662,0.9422535211267604,0.1248,0.188,0.085,0.97,0.95,1914.0,1.0,0,0,0,1,0,0,1,0,0
8.2581337496,65.0,36.54498,45.0,12.9,5.3123462863,7658,14.274796354,20680,12.1,45.894263297,122.64168,84837,49.156146179,167969,49.195982592,12.291776258,2023,,,,0.9491778774289984,0.9439461883408072,0.967488789237668,0.9573991031390134,0.9409566517189836,0.1034,0.1564,0.067,0.47,0.72,815.0,1.0,0,0,1,0,0,0,0,0,0
6.8126520681,2.0,8.09454,46.0,22.7,,783,13.530326594,3850,15.5,20.180449818,79.66223,53320,65.912689437,25106,50.159324464,56.182089914,2023,,,,0.96028880866426,0.9530685920577616,0.967509025270758,0.96028880866426,0.9530685920577616,0.1225,0.1864,0.0827,0.76,0.95,1255.0,1.0,0,0,0,0,0,0,1,1,0
,0.0,0.0,35.0,29.9,,34,13.991769547,180,13.3,,93.72071,47835,70.05988024,1067,48.828491097,100.0,2023,,,,1.0,1.0,1.0,1.0,1.0,0.1143,0.1758,0.0766,0.7,0.87,1067.0,1.0,1,0,0,0,0,0,1,0,1
9.8283931357,4.0,48.76859,31.0,25.3,,242,13.109425785,1100,13.3,,44.10143,44476,52.714398112,9070,40.551267916,36.74359247,2023,,,,0.9716981132075472,0.9528301886792452,0.9716981132075472,0.9622641509433962,0.9716981132075472,0.1278,0.1901,0.086,0.62,0.97,2268.0,1.0,1,0,0,0,0,0,1,0,1
7.9867986799,6.0,30.05711,37.0,21.2,,694,15.011897037,3210,16.4,,24.499,54988,53.805620609,20409,50.120045078,58.943151275,2023,,,,0.8440366972477065,0.8532110091743119,0.8899082568807339,0.8486238532110092,0.8394495412844036,0.1293,0.1898,0.087,0.58,0.93,4082.0,1.0,1,0,1,0,0,0,1,1,0
8.064516129,1.0,47.08098,27.0,32.9,,87,21.914357683,350,16.8,,0.0,41507,59.856630824,1982,49.293642785,100.0,2023,,,,1.0,1.0,1.0,1.0,1.0,0.1235,0.1873,0.0822,0.59,0.97,1982.0,0.0,1,0,1,0,0,0,1,0,1
7.411310151,8.0,38.73342,40.0,15.6,,1498,22.492492492,2180,10.3,43.918762241,28.41178,61833,61.268641042,21118,47.651292736,16.814280497,2023,,,,0.9262536873156342,0.9262536873156342,0.9557522123893806,0.943952802359882,0.9410029498525072,0.1241,0.1883,0.0824,0.7,0.88,3520.0,1.0,0,0,0,0,0,0,1,1,0
9.6993210475,3.0,24.20721,43.0,29.3,,328,11.577832686,2340,18.9,17.221640045,49.875310000000006,44957,80.604796663,12030,51.729010806,78.421215401,2023,,,,0.984,0.976,0.984,0.984,0.984,0.1283,0.1937,0.0866,0.73,0.97,2005.0,1.0,0,0,0,0,0,0,1,1,0
6.0264900662,9.0,41.30525,24.0,19.4,,599,12.269561655,3020,14.3,27.811875028,44.93978,64401,53.117408907,22252,50.319072443,68.267520455,2023,,,,0.9251968503937008,0.9488188976377953,0.9409448818897638,0.9173228346456692,0.9133858267716536,0.1264,0.1929,0.0847,0.54,0.88,2225.0,1.0,0,0,1,0,0,0,1,1,0
8.2706766917,1.0,20.66116,20.0,22.5,,177,18.1724846,650,13.4,,66.96429,54948,53.105196451,4480,48.794642857,100.0,2023,,,,0.8909090909090909,0.8545454545454545,0.9090909090909092,0.8727272727272727,0.8909090909090909,0.1264,0.1929,0.0847,0.77,0.95,1493.0,1.0,1,0,0,0,0,0,1,0,1
7.1917808219,4.0,22.99247,51.0,18.1,,477,13.047045952,2050,12.0,44.747323779,22.59121,59469,62.434675684,17706,49.107647125,69.720683843,2023,,,,0.9675675675675676,0.9405405405405406,0.9783783783783784,0.9675675675675676,0.9621621621621622,0.124,0.188,0.0827,0.68,0.88,4427.0,1.0,0,0,0,0,0,0,1,1,0
9.1814159292,,,34.0,27.3,,317,12.220508867,2860,20.8,36.487988626,16.33853,44030,71.331828442,12241,47.929090761,100.0,2023,,,,0.8947368421052632,0.8736842105263158,0.9157894736842104,0.9052631578947368,0.9052631578947368,0.1428,0.2169,0.0983,0.72,0.96,6121.0,1.0,0,0,0,0,0,0,1,1,0
6.9026548673,4.0,41.67535,37.0,16.8,,736,23.997391588,1270,12.8,,61.33715,60914,52.27379278,9782,49.611531384,13.90981121,2023,,,,0.926829268292683,0.91869918699187,0.943089430894309,0.926829268292683,0.91869918699187,0.1241,0.1883,0.0824,0.58,0.9,1630.0,1.0,1,0,1,0,0,0,1,1,0
,,,43.0,30.6,,33,12.643678161,260,12.2,,0.0,62868,39.380530973,1717,47.233546884,100.0,2023,,,,0.9767441860465116,0.9767441860465116,0.9767441860465116,0.9767441860465116,0.9534883720930232,0.1241,0.1883,0.0824,0.43,0.72,1717.0,0.0,1,0,1,0,0,0,0,0,1
9.4438749359,14.0,16.8923,45.0,18.6,7.4674906656,2094,9.8070438366,14220,17.0,75.047685948,40.12178,65908,54.424511187,84742,50.351655614,35.171132862,2023,,,,0.9322191272051996,0.9266480965645312,0.9415041782729804,0.9350046425255338,0.9303621169916436,0.1338,0.1949,0.0899,0.58,0.86,2492.0,1.0,0,0,1,0,0,0,1,0,0
7.5533661741,12.0,40.92769,48.0,22.3,,828,12.034883721,4580,15.9,64.313991082,59.26236,57580,73.354883399,28686,50.780868716,50.215218242,2023,,,,0.96398891966759,0.96398891966759,0.969529085872576,0.9667590027700832,0.96398891966759,0.1134,0.1689,0.0762,0.88,0.93,1687.0,1.0,0,0,0,1,0,0,1,1,0
6.5535564464,60.0,40.48638,49.0,9.5,5.048099819,4616,12.017077996,16790,12.1,60.026562206,56.13534000000001,85613,32.795346551,156764,49.901125258,56.084565584,2023,,,,0.92363813229572,0.9182879377431906,0.933852140077821,0.9280155642023348,0.9226653696498056,0.1198,0.1716,0.0811,0.26,0.68,1781.0,1.0,0,1,0,0,0,0,0,0,0
9.009009009,8.0,50.89706,20.0,28.9,,730,18.415741675,2150,13.7,,85.99021,49291,64.439058172,15118,42.763593068,39.77558522,2023,,,,0.9823529411764704,0.976470588235294,1.0,0.9882352941176472,0.9823529411764704,0.1166,0.1765,0.0789,0.82,0.98,1163.0,1.0,1,0,0,1,0,0,1,1,0
7.9787234043,27.0,50.9482,48.0,24.7,6.408470326,1476,13.65907829,9150,18.2,47.025053732,55.87776,50827,66.002675784,51899,46.050983641,77.638561645,2023,,,,0.6294896030245747,0.724007561436673,0.7504725897920604,0.6332703213610587,0.6465028355387523,0.1365,0.206,0.093,0.91,0.97,1790.0,1.0,0,0,0,1,0,0,1,0,0
9.6440596441,100.0,86.20392,51.0,28.3,7.3083501788,3426,10.884137624,19010,16.1,56.389120499,244.53654,45904,70.701435738,116547,48.355599029,8.9962254177,2023,,,,0.9558701082431308,0.9596169858451292,0.970857618651124,0.9633638634471274,0.9587843463780183,0.1281,0.2007,0.0864,0.92,0.87,409.0,1.0,0,0,0,1,0,0,1,0,0
8.322324967,3.0,46.09711,18.0,35.0,,434,24.259362772,1950,28.7,,32.57329,39791,94.674556213,6140,48.794788274,40.470708621,2023,,,,0.9692307692307692,1.0,1.0,0.9692307692307692,0.953846153846154,0.1166,0.1765,0.0789,1.0,0.99,3070.0,1.0,1,0,0,1,0,0,1,0,1
8.2891566265,13.0,24.82906,39.0,19.6,5.9701492537,1382,11.123631681,6180,12.2,71.187362681,21.16158,62907,55.025613849,51981,47.871337604,61.555014563,2023,,,,0.9020618556701032,0.9309278350515464,0.9371134020618556,0.9030927835051548,0.91340206185567,0.1146,0.174,0.0756,0.67,0.95,4726.0,1.0,0,0,0,0,0,0,1,0,0
8.0,6.0,40.44489,35.0,25.0,,478,12.294238683,2320,15.6,54.784256086,89.0594,44342,61.619047619,14597,49.3526067,32.656414301,2023,,,,0.9836065573770492,0.9781420765027322,0.9836065573770492,0.9836065573770492,0.9781420765027322,0.1278,0.1901,0.086,0.89,0.96,1123.0,1.0,0,0,0,1,0,0,1,1,0
8.1241283124,46.0,71.03918,52.0,25.7,3.7787701821,1907,12.706556503,12130,18.6,45.035971127,108.24519,46970,70.233170365,64668,51.946867075,46.460231852,2023,,,,0.9530791788856304,0.9530791788856304,0.9618768328445748,0.9574780058651028,0.9560117302052786,0.125,0.1935,0.0836,0.98,0.9,924.0,1.0,0,0,0,1,0,0,1,0,0
8.7519372778,299.0,82.33558,47.0,24.9,5.1223676722,7447,8.2434855764,55000,15.2,44.515363198,126.88379,59337,66.344249307,353079,50.334344438,6.447241956,2023,,,,0.9638970002654632,0.9673480222989116,0.97690469869923,0.9662861693655428,0.964958853198832,0.1011,0.1589,0.0646,0.84,0.89,788.0,1.0,0,0,0,1,0,0,1,0,0
7.8307830783,1.0,10.502,34.0,22.9,,567,21.09375,1020,10.6,,81.52450999999999,56632,67.311072056,9813,48.058697646,60.015580874,2023,,,,0.9651162790697676,0.9534883720930232,0.9593023255813954,0.9593023255813954,0.9534883720930232,0.1241,0.1883,0.0824,0.76,0.97,1227.0,1.0,1,0,0,0,0,0,1,1,0
8.9072543618,,,37.0,43.3,,338,11.707655005,2000,17.9,,51.250510000000006,37921,84.007782101,9756,48.626486265,67.042946868,2023,,,,0.98,0.9866666666666668,0.9933333333333332,0.9866666666666668,0.9866666666666668,0.1146,0.1867,0.0742,1.0,1.0,1951.0,1.0,1,0,0,1,0,0,1,1,0
7.8651685393,2.0,20.15113,40.0,36.5,,318,11.418312388,2370,23.1,,94.41756,41838,82.381413359,8473,51.091703057,39.475790316,2023,,,,1.0,1.0,1.0,1.0,1.0,0.107,0.1724,0.0705,1.0,0.99,1059.0,1.0,1,0,0,1,0,0,1,0,1
6.5843621399,2.0,58.63383,35.0,29.7,,100,16.920473773,730,21.3,,106.15711,46907,65.425531915,2826,48.973814579,100.0,2023,,,,0.9615384615384616,0.9615384615384616,1.0,0.9615384615384616,1.0,0.107,0.1724,0.0705,0.72,0.93,942.0,1.0,1,0,0,0,0,0,1,0,1
8.5657370518,1.0,5.829199999999999,46.0,24.9,,510,12.617516081,2440,14.3,49.121868758,47.17537,50816,61.640866873,16958,50.707630617,73.853928528,2023,,,,0.9606299212598424,0.968503937007874,0.9763779527559056,0.9645669291338582,0.9645669291338582,0.1225,0.1864,0.0827,0.75,0.93,2120.0,1.0,0,0,0,0,0,0,1,1,0
7.7597840756,78.0,70.98136,54.0,6.9,3.4857219466,2959,9.4691030113,8920,8.8,45.663801956,97.95413,120696,26.775269493,116381,50.153375551,16.035845131,2023,,,,0.9302569480859988,0.9302569480859988,0.9396958573675932,0.9318300996329312,0.9307813319349764,0.1122,0.1653,0.0743,0.11,0.51,1021.0,1.0,0,0,0,0,1,1,0,0,0
7.6523994812,7.0,67.30122,42.0,23.1,,380,15.079365079,1420,13.8,33.30775087,110.63059,48190,58.574277168,9943,48.677461531,40.758023045,2023,,,,0.9710144927536232,0.9710144927536232,0.9855072463768116,0.9710144927536232,0.9637681159420288,0.1278,0.1901,0.086,0.54,0.92,904.0,1.0,0,0,1,0,0,0,1,1,0
7.6757532281,11.0,20.24888,47.0,23.8,5.0810549238,1582,13.087359365,7310,13.5,25.081078958,47.39965,53186,65.445321308,52743,46.324630757,65.872867054,2023,,,,0.9481765834932822,0.963531669865643,0.9750479846449136,0.9539347408829176,0.9520153550863724,0.1282,0.1918,0.0871,0.8,0.94,2110.0,1.0,0,0,0,0,0,0,1,0,0
8.2517482517,2.0,19.03493,40.0,27.6,,256,13.319458897,2180,20.8,22.881532285,139.45612,46233,58.810572687,10039,49.825679849,100.0,2023,,,,0.8571428571428571,0.8991596638655462,0.907563025210084,0.8487394957983193,0.8739495798319328,0.1428,0.2169,0.0983,0.53,0.93,717.0,1.0,0,0,1,0,0,0,1,1,0
9.2127303183,2.0,24.2483,49.0,32.0,,192,11.800860479,1900,23.0,55.685187775,50.4923,43335,85.163776493,7922,50.366069174,100.0,2023,,,,0.9863013698630136,0.9726027397260274,0.9726027397260274,0.9863013698630136,0.9726027397260274,0.1428,0.2169,0.0983,0.89,0.98,1981.0,1.0,0,0,0,1,0,0,1,0,1
9.2156862745,2.0,6.82571,44.0,27.7,,909,14.382911392,4710,16.5,25.637641304,10.76117,52302,64.828183656,27878,49.6592295,100.0,2023,,,,0.9754098360655736,0.9672131147540984,0.9795081967213116,0.9795081967213116,0.9754098360655736,0.1365,0.206,0.093,0.69,0.89,9293.0,1.0,0,0,0,0,0,0,1,1,0
8.8519233625,18.0,26.838030000000003,44.0,24.1,4.7754066557,2090,11.616919571,10840,16.2,42.271461259,70.3023,58227,68.104943625,69699,49.214479404,19.650021604,2023,,,,0.9713679745493108,0.9703075291622482,0.9787910922587488,0.9713679745493108,0.9724284199363732,0.1183,0.18,0.0772,0.83,0.97,1422.0,1.0,0,0,0,1,0,0,1,0,0
5.5944055944,2.0,33.11807,28.0,27.3,,206,17.038875103,860,14.3,,68.64596,45437,71.23015873,5827,45.769692809,49.355733159,2023,,,,1.0,1.0,1.0,1.0,1.0,0.1264,0.1929,0.0847,0.73,0.97,1457.0,1.0,1,0,0,0,0,0,1,0,1
8.7058823529,1.0,26.08923,24.0,18.0,,257,22.041166381,450,12.0,,92.22256,65162,66.666666667,3253,46.326467876,13.305613306,2023,,,,0.9855072463768116,0.9565217391304348,0.9855072463768116,0.9855072463768116,0.9710144927536232,0.1235,0.1873,0.0822,0.48,0.94,1084.0,1.0,1,0,1,0,0,0,1,0,1
6.8783068783,,,32.0,21.6,,163,24.148148148,390,13.6,,41.16921,52408,70.057581574,2429,49.567723343,100.0,2023,,,,1.0,1.0,1.0,1.0,1.0,0.1235,0.1873,0.0822,0.59,0.96,2429.0,1.0,1,0,1,0,0,0,1,0,1
7.9570268146,88.0,62.90252,51.0,10.8,5.8808267751,2960,8.4390591589,16120,11.9,49.911101825,69.51492,72082,41.689089489,143854,50.600608951,14.375647132,2023,,,,0.9466501240694788,0.9454094292803972,0.9503722084367244,0.9491315136476428,0.9416873449131512,0.1021,0.1521,0.0667,0.22,0.6,1439.0,1.0,0,1,0,0,0,0,0,0,0
6.22406639,,,42.0,18.8,,136,17.280813215,470,14.2,,93.39975,61351,51.690821256,3212,50.311332503,100.0,2023,,,,0.9333333333333332,0.9777777777777776,0.9777777777777776,0.9333333333333332,0.9333333333333332,0.1278,0.1901,0.086,0.69,0.72,1071.0,1.0,1,0,0,0,0,0,0,0,1
5.4054054054,,,39.0,17.2,,274,32.696897375,350,11.7,,35.73981,62557,60.0,2798,47.784131523,100.0,2023,,,,0.8857142857142857,0.9142857142857144,0.9428571428571428,0.9,0.8857142857142857,0.1241,0.1883,0.0824,0.46,0.87,2798.0,1.0,1,0,1,0,0,0,1,0,1
7.7431539188,236.0,100.08227,53.0,17.8,7.6468380559,6716,11.541501976,32930,14.3,41.227750129,166.11435999999998,62903,64.873837981,237186,51.508942349,31.60780873,2023,,,,0.9299826689774696,0.9285961871750432,0.9462738301559792,0.9341421143847488,0.9306759098786828,0.116,0.1766,0.0768,0.75,0.67,602.0,1.0,0,0,0,0,0,0,0,0,0
6.5953654189,6.0,65.6527,52.0,15.0,,285,13.701923077,1350,15.1,,105.60777,68280,45.535714286,9469,50.290421375,100.0,2023,,,,0.952755905511811,0.9448818897637796,0.952755905511811,0.952755905511811,0.952755905511811,0.1134,0.1689,0.0762,0.56,0.71,947.0,1.0,1,0,1,0,0,0,0,1,0
8.9909973109,16.0,24.89652,36.0,40.6,3.4005894355,2921,14.035846427,15100,23.6,,71.15929,33535,90.943331621,66049,50.862238641,23.705878494,2023,,,,0.9458937198067632,0.957487922705314,0.9893719806763284,0.9478260869565216,0.9458937198067632,0.1146,0.1867,0.0742,0.98,1.0,1405.0,1.0,1,0,0,1,0,0,1,0,0
8.4269662921,3.0,32.14056,38.0,27.4,,302,14.56123433,1590,17.0,47.617133824,87.21247,46064,63.05278174,9173,46.898506486,39.366562825,2023,,,,0.9361702127659576,0.9148936170212766,0.946808510638298,0.946808510638298,0.9361702127659576,0.1278,0.1901,0.086,0.88,0.86,1147.0,1.0,0,0,0,1,0,0,1,0,1
,0.0,0.0,59.0,16.1,,78,19.897959184,100,7.6,,72.4113,69212,39.50617284,1381,49.529326575,100.0,2023,,,,0.8518518518518519,0.8888888888888888,0.8518518518518519,0.8888888888888888,0.8888888888888888,0.1235,0.1873,0.0822,0.41,0.8,1381.0,1.0,1,0,1,0,0,0,1,0,1
,1.0,74.18398,11.0,22.7,,65,20.440251572,180,12.5,,493.01561,49813,57.276995305,1217,49.71240756,100.0,2023,,,,0.9285714285714286,0.9285714285714286,1.0,0.9285714285714286,0.8571428571428571,0.1278,0.1901,0.086,0.32,0.79,203.0,1.0,1,1,0,0,0,0,0,0,1
6.8862275449,4.0,107.0091,25.0,20.9,,175,19.12568306,520,13.6,,120.51823,59905,55.793991416,3319,49.291955408,18.798449612,2023,,,,0.98,0.98,0.98,0.98,0.98,0.1235,0.1873,0.0822,0.6,0.94,830.0,1.0,1,0,0,0,0,0,1,0,1
9.3959731544,1.0,13.62398,28.0,29.4,,298,16.817155756,1300,17.6,25.487165234,42.80822,45509,72.860962567,7008,46.104452055,37.573211103,2023,,,,0.9315068493150684,0.9452054794520548,0.958904109589041,0.9452054794520548,0.9315068493150684,0.1241,0.1883,0.0824,0.97,1.0,2336.0,1.0,0,0,0,1,0,0,1,0,1
8.439296245,1244.0,58.58675,51.0,15.3,6.1974459625,69407,12.282250929,272440,13.1,48.418934656,103.31642,71399,58.57084249,2126477,50.896858983,1.2882013273,2023,,,,0.9181181765147096,0.9238686557213102,0.9451204267022252,0.9237436453037752,0.9133677806483874,0.1069,0.1641,0.0701,0.55,0.73,968.0,1.0,0,0,1,0,0,0,0,0,0
9.1125586608,99.0,71.12069,46.0,20.6,5.1831617287,2951,8.3592997564,20460,14.9,38.960543609,180.00921,53820,54.881012234,143326,51.08912549,16.033488966,2023,,,,0.960482985729967,0.968715697036224,0.973655323819978,0.9621295279912184,0.960482985729967,0.1178,0.1846,0.0776,0.69,0.78,556.0,1.0,0,0,0,0,0,0,0,0,0
8.5855466337,11.0,66.01849,38.0,20.7,,637,14.800185874,2390,14.1,49.618320611,41.60723,49727,60.482846252,16824,45.441036614,31.700254122,2023,,,,0.9733333333333334,0.96,0.9733333333333334,0.9733333333333334,0.9733333333333334,0.1278,0.1901,0.086,0.7,0.95,2403.0,1.0,0,0,0,0,0,0,1,1,0
7.9521463758,5.0,31.34993,33.0,26.3,,495,13.506139154,1850,11.9,53.607494754,48.31918,46275,66.129032258,14487,39.131635259,14.496118407,2023,,,,0.859375,0.875,0.96875,0.859375,0.8541666666666666,0.1166,0.1765,0.0789,0.78,0.98,2070.0,1.0,0,0,0,0,0,0,1,1,0
8.1940481044,5.0,20.06823,43.0,29.2,,1032,15.992561599,4500,17.8,30.449629758,104.4321,43244,72.362787077,23939,50.043861481,79.432568375,2023,,,,0.9461756373937678,0.9461756373937678,0.9461756373937678,0.9461756373937678,0.9461756373937678,0.1428,0.2169,0.0983,0.95,0.99,958.0,1.0,0,0,0,1,0,0,1,1,0
,0.0,0.0,50.0,9.1,,30,15.075376884,100,12.8,,125.47051,73224,36.41025641,797,50.313676286,100.0,2023,,,,1.0,1.0,1.0,1.0,1.0,0.1241,0.1883,0.0824,0.09,0.67,797.0,1.0,1,0,0,0,1,0,0,0,1
8.4837545126,1.0,14.54122,31.0,28.3,,183,11.656050955,1110,15.8,49.839105961,74.00829,46695,62.870890136,6756,50.651272943,60.679940404,2023,,,,0.9195402298850576,0.9310344827586208,0.942528735632184,0.942528735632184,0.9310344827586208,0.1183,0.18,0.0772,0.94,0.99,1351.0,1.0,0,0,0,1,0,0,1,0,1
8.4826762246,2.0,16.67361,47.0,28.2,,245,10.488013699,2070,17.1,53.328380403,51.92556999999999,46134,71.558704453,11555,51.267849416,75.730948678,2023,,,,0.9724137931034482,0.9724137931034482,0.9655172413793104,0.9655172413793104,0.9724137931034482,0.1283,0.1937,0.0866,0.56,0.99,1926.0,1.0,0,0,1,0,0,0,1,1,0
,0.0,0.0,11.0,21.4,,27,20.454545455,80,9.1,,138.12155,44343,57.024793388,724,49.171270718,100.0,2023,,,,1.0,1.0,1.0,1.0,1.0,0.1166,0.1765,0.0789,0.47,0.91,724.0,1.0,1,0,1,0,0,0,1,0,1
8.4210526316,4.0,18.52624,35.0,23.3,,458,10.896978349,4240,19.7,53.281067373,54.78906,46955,65.136830103,20077,45.997908054,78.131030047,2023,,,,0.9324324324324323,0.9324324324324323,0.9369369369369368,0.9324324324324323,0.9369369369369368,0.1428,0.2169,0.0983,0.88,0.98,1825.0,1.0,0,0,0,1,0,0,1,1,0
7.9472230746,13.0,30.83053,42.0,19.9,7.6640098099,1208,11.801484955,6970,16.8,34.619806775,14.363,51634,63.916602712,41774,50.531431034,79.299905874,2023,,,,0.948875255623722,0.950920245398773,0.9550102249488752,0.9468302658486708,0.9468302658486708,0.1276,0.1901,0.0861,0.59,0.88,6962.0,1.0,0,0,1,0,0,0,1,0,0
8.3102493075,2.0,55.20287,18.0,20.9,,201,18.767507003,360,9.9,36.786570743,122.51149,49340,59.003831418,3265,49.862174579,100.0,2023,,,,1.0,1.0,1.0,1.0,1.0,0.1235,0.1873,0.0822,0.65,0.96,816.0,1.0,0,0,0,0,0,0,1,0,1
7.0916905444,8.0,29.91549,37.0,31.1,,1042,14.400221117,4250,15.8,77.206461781,101.09588,48438,72.76794398,24729,50.592421853,31.384207536,2023,,,,0.967741935483871,0.956989247311828,0.9811827956989247,0.967741935483871,0.9489247311827956,0.107,0.1724,0.0705,0.95,0.98,989.0,1.0,0,0,0,1,0,0,1,1,0
6.5708778693,17.0,34.67406,31.0,27.8,3.4019391053,1966,14.105323576,7420,15.1,65.540514508,75.68749,50532,68.58968336,47564,48.631317803,10.157736451,2023,,,,0.9202363367799112,0.9335302806499262,0.9734121122599704,0.930576070901034,0.914327917282127,0.107,0.1724,0.0705,0.97,0.99,1321.0,1.0,0,0,0,1,0,0,1,0,0
7.144530335,6.0,10.4288,41.0,19.1,6.2111801242,1768,13.065326633,8290,14.8,50.455415417,40.79967,59929,52.782512785,61275,50.64871481,75.018543525,2023,,,,0.9431818181818182,0.9375,0.9460227272727272,0.9460227272727272,0.9360795454545454,0.1285,0.1874,0.0874,0.56,0.89,2451.0,1.0,0,0,1,0,0,0,1,0,0
7.7080724126,68.0,73.9645,53.0,21.9,5.4035798717,2966,12.616981453,14120,15.3,36.682148979,111.03294,57142,65.594528711,90964,50.773932545,26.626571267,2023,,,,0.9748878923766816,0.9748878923766816,0.9811659192825112,0.9766816143497756,0.979372197309417,0.1065,0.1663,0.0699,0.78,0.9,901.0,1.0,0,0,0,0,0,0,1,0,0
8.5135135135,21.0,29.10038,47.0,24.8,,1017,9.5197978096,10900,15.1,26.785320535,58.99175,43012,56.663710393,77977,41.846954871,45.582882657,2023,,,,0.9458041958041958,0.9388111888111887,0.9527972027972028,0.944055944055944,0.9388111888111887,0.1365,0.206,0.093,0.7,0.9,1695.0,1.0,0,0,0,0,0,0,1,0,0
7.5902566333,7.0,12.18408,47.0,17.7,6.0962333987,2367,16.812273599,6950,13.0,56.774232793,5.01832,65437,68.371351484,59781,50.076111139,61.641013772,2023,,,,0.9614485981308412,0.955607476635514,0.9661214953271028,0.9626168224299064,0.963785046728972,0.1114,0.1704,0.0738,0.83,0.9,19927.0,1.0,0,0,0,1,0,0,1,0,0
9.3111279334,2.0,16.53302,26.0,20.0,,613,16.863823934,1480,12.6,27.420688856,89.33357,58461,56.059938299,11194,49.267464713,27.88515669,2023,,,,0.9378531073446328,0.9322033898305084,0.943502824858757,0.9491525423728814,0.9378531073446328,0.1166,0.1765,0.0789,0.65,0.96,1119.0,1.0,0,0,0,0,0,0,1,1,0
8.0931263858,22.0,61.50233,52.0,19.8,7.1942446043,1082,13.927146351,4460,12.7,42.499055901,78.01398999999999,66601,60.25664528,35891,51.04065086,53.490717124,2023,,,,0.951219512195122,0.948509485094851,0.962059620596206,0.948509485094851,0.9376693766937668,0.1225,0.1864,0.0827,0.73,0.86,1282.0,1.0,0,0,0,0,0,0,1,1,0
5.2062204192,16.0,89.3655,40.0,21.1,,595,13.853317811,2500,13.9,68.022147032,77.87729,53715,56.195244055,17977,49.819213439,33.568733154,2023,,,,0.947136563876652,0.9427312775330396,0.9691629955947136,0.9515418502202644,0.9559471365638766,0.1293,0.1898,0.087,0.55,0.84,1284.0,1.0,0,0,1,0,0,0,1,1,0
8.046875,82.0,29.53029,41.0,29.0,4.8999136947,12155,13.610355291,44480,16.2,77.192857917,69.04402,50865,82.679797615,267945,50.457369983,2.5996388392,2023,,,,0.9884747425208436,0.9825895046591466,0.9950956351152526,0.9916625796959294,0.982099068170672,0.1039,0.1663,0.0674,0.95,0.99,1448.0,1.0,0,0,0,1,0,0,1,0,0
,1.0,67.2495,20.0,24.4,,57,17.647058824,280,18.4,,66.88963,46253,50.49833887,1495,50.969899666,100.0,2023,,,,0.8571428571428571,0.8571428571428571,0.8571428571428571,0.8571428571428571,0.8571428571428571,0.1278,0.1901,0.086,0.27,0.85,1495.0,1.0,1,1,0,0,0,0,1,0,1
6.9915254237,1.0,20.21836,35.0,22.0,,253,20.063441713,840,16.1,31.430706712,101.48163,49282,54.737810488,4927,49.725999594,100.0,2023,,,,0.9852941176470588,0.9558823529411764,1.0,0.9852941176470588,0.9705882352941176,0.1241,0.1883,0.0824,0.7,0.91,985.0,1.0,0,0,0,0,0,0,1,0,1
9.3892433911,4.0,31.86743,50.0,21.0,,368,13.208901651,2340,18.4,20.353131021,54.9839,48117,58.734402852,12731,50.490927657,21.891392686,2023,,,,0.9803921568627452,0.9607843137254902,0.9869281045751634,0.9803921568627452,0.954248366013072,0.1293,0.1898,0.087,0.91,0.93,1819.0,1.0,0,0,0,1,0,0,1,1,0
7.9527135948,8.0,37.8054,48.0,39.4,,527,10.724460724,4080,19.0,,73.83342999999999,37087,86.082474227,20316,44.147469974,34.57576579,2023,,,,0.9695817490494296,0.9961977186311788,0.9961977186311788,0.9657794676806084,0.973384030418251,0.0992,0.1603,0.0642,0.99,0.98,1354.0,1.0,1,0,0,1,0,0,1,1,0
7.2903772233,420.0,67.97711,56.0,7.3,4.139179925,13130,8.0369220976,61070,10.7,37.253358242,81.64522000000001,96653,27.378079956,643026,50.27323934,11.98994982,2023,,,,0.9390838786436644,0.9369422962522308,0.9505056513979774,0.9418203450327186,0.9352766210588936,0.0946,0.1402,0.061,0.2,0.58,1225.0,1.0,0,1,0,0,0,1,0,0,0
7.4371321562,22.0,42.28899,41.0,13.4,,1663,12.900473198,5400,10.8,43.244644874,52.67573,78794,41.408195608,51257,49.556158183,85.861410131,2023,,,,0.9750415973377704,0.9700499168053244,0.978369384359401,0.9767054908485856,0.9733777038269552,0.1134,0.1709,0.0762,0.44,0.78,1898.0,1.0,0,0,1,0,0,0,0,0,0
9.6511627907,2.0,25.35818,25.0,21.6,,422,17.760942761,950,12.1,15.775255237,53.94471,62477,60.727056019,7415,47.943358058,18.129395218,2023,,,,0.9402985074626866,0.9029850746268656,0.9850746268656716,0.9552238805970148,0.9552238805970148,0.1166,0.1765,0.0789,0.65,0.99,1854.0,1.0,0,0,0,0,0,0,1,0,1
6.2408223201,28.0,39.39002,48.0,13.7,5.2299368801,2299,12.767257178,9260,13.6,62.741026339,99.00438,77668,49.338612436,71714,49.606771342,72.107497421,2023,,,,0.9154518950437318,0.9300291545189504,0.9446064139941692,0.9256559766763848,0.922740524781341,0.1293,0.1898,0.087,0.58,0.81,1010.0,1.0,0,0,1,0,0,0,1,0,0
6.4366998578,17.0,36.7242,42.0,21.5,,1228,13.808613516,7040,15.6,72.860862299,65.3951,53485,60.194174757,45875,49.985831063,74.199313697,2023,,,,0.9302832244008714,0.9368191721132898,0.9498910675381264,0.9389978213507624,0.9368191721132898,0.1285,0.1874,0.0874,0.63,0.87,1529.0,1.0,0,0,0,0,0,0,1,0,0
6.0941828255,2.0,22.98322,20.0,19.0,,792,26.568265683,1160,13.4,23.628617078,78.87472,66816,63.653939101,7607,48.968055738,37.327071963,2023,,,,0.911504424778761,0.9292035398230089,0.9557522123893806,0.9203539823008848,0.911504424778761,0.1143,0.1758,0.0766,0.49,0.93,1268.0,1.0,0,0,1,0,0,0,1,0,1
7.5825156111,4.0,20.12579,36.0,22.0,,381,10.571587125,2740,13.8,45.158368077,45.28758,52288,62.476262818,19873,36.728224224,85.14998515,2023,,,,0.9735449735449736,0.9788359788359788,0.9788359788359788,0.9735449735449736,0.9735449735449736,0.1278,0.1901,0.086,0.63,0.97,2208.0,1.0,0,0,0,0,0,0,1,1,0
6.8019093079,12.0,36.44536,38.0,20.6,,1486,15.671799198,4680,14.3,30.298536395,128.27502,49513,70.286123033,31183,50.768046692,50.556689553,2023,,,,0.9668615984405458,0.9649122807017544,0.9844054580896686,0.97270955165692,0.97270955165692,0.1283,0.1937,0.0866,0.89,0.92,780.0,1.0,0,0,0,1,0,0,1,1,0
8.1678437889,35.0,24.44168,52.0,12.0,5.1059484299,4790,11.569489397,16130,12.4,45.533675253,53.24274,73660,52.744870063,157768,50.624334466,48.817610063,2023,,,,0.9575273338940286,0.9478553406223718,0.969722455845248,0.964255677039529,0.9465937762825904,0.1236,0.185,0.0839,0.57,0.77,1878.0,1.0,0,0,1,0,0,0,0,0,0
7.4831298567,1112.0,85.50538,55.0,13.8,4.0891632738,25866,9.0846190859,158120,12.6,49.586314182,119.67936,84519,50.130630438,1305154,49.213196297,5.463522171,2023,,,,0.8904997560465603,0.9200529727469158,0.9416602774099114,0.8953091238586464,0.8902906530982087,0.0916,0.1391,0.0588,0.38,0.69,836.0,1.0,0,1,0,0,0,0,0,0,0
9.4296577947,5.0,41.04079,41.0,31.0,,553,16.581709145,2140,17.2,36.647524804,34.03097,42225,80.792261631,11754,46.29913221,24.669986562,2023,,,,0.9183673469387756,0.9319727891156464,0.9591836734693876,0.9183673469387756,0.91156462585034,0.1143,0.1758,0.0766,0.99,0.99,2939.0,1.0,0,0,0,1,0,0,1,1,0
7.7820003455,110.0,82.57948,47.0,19.3,7.6250856751,3392,11.072302921,22270,16.8,43.970747554,140.69455,53148,56.779282631,130069,47.977611883,10.666920152,2023,,,,0.9666444296197464,0.971314209472982,0.9819879919946632,0.9733155436957972,0.9659773182121414,0.1296,0.2018,0.0855,0.82,0.83,711.0,1.0,0,0,0,1,0,0,1,0,0
8.2987551867,1.0,8.44595,29.0,38.8,,384,11.507341924,2720,22.8,,115.37655,35046,84.809098294,9534,48.825256975,38.032028775,2023,,,,0.984126984126984,1.0,1.0,0.992063492063492,0.992063492063492,0.107,0.1724,0.0705,1.0,1.0,867.0,1.0,1,0,0,1,0,0,1,1,0
